*Time (s),Line A (?)
0,-1.08E-03
1,-9.71E-04
2,-4.64E-04
3,2.88E-04
4,1.03E-03
5,1.51E-03
6,1.59E-03
7,1.26E-03
8,6.25E-04
9,-1.14E-04
10,-7.17E-04
11,-9.96E-04
12,-8.90E-04
13,-4.87E-04
14,8.31E-06
15,3.60E-04
16,3.83E-04
17,1.67E-05
18,-6.68E-04
19,-1.49E-03
20,-2.19E-03
21,-2.55E-03
22,-2.43E-03
23,-1.85E-03
24,-9.87E-04
25,-1.36E-04
26,4.24E-04
27,5.39E-04
28,2.48E-04
29,-2.45E-04
30,-6.83E-04
31,-8.58E-04
32,-6.72E-04
33,-1.51E-04
34,5.71E-04
35,1.29E-03
36,1.78E-03
37,1.89E-03
38,1.62E-03
39,1.07E-03
40,4.40E-04
41,-6.99E-05
42,-3.38E-04
43,-3.09E-04
44,2.53E-07
45,5.13E-04
46,1.07E-03
47,1.47E-03
48,1.52E-03
49,1.21E-03
50,6.78E-04
51,1.38E-04
52,-2.20E-04
53,-3.12E-04
54,-1.51E-04
55,1.94E-04
56,6.21E-04
57,9.95E-04
58,1.16E-03
59,1.03E-03
60,5.97E-04
61,-7.92E-06
62,-6.17E-04
63,-1.09E-03
64,-1.37E-03
65,-1.43E-03
66,-1.30E-03
67,-1.04E-03
68,-7.78E-04
69,-6.76E-04
70,-8.43E-04
71,-1.23E-03
72,-1.68E-03
73,-1.96E-03
74,-1.93E-03
75,-1.54E-03
76,-8.66E-04
77,-9.18E-05
78,5.42E-04
79,8.78E-04
80,9.15E-04
81,7.73E-04
82,5.97E-04
83,4.89E-04
84,4.85E-04
85,5.67E-04
86,6.99E-04
87,8.39E-04
88,9.43E-04
89,9.75E-04
90,9.05E-04
91,7.24E-04
92,4.56E-04
93,1.51E-04
94,-1.22E-04
95,-2.97E-04
96,-3.37E-04
97,-2.38E-04
98,-3.32E-05
99,2.21E-04
100,4.56E-04
101,6.24E-04
102,7.05E-04
103,7.19E-04
104,7.01E-04
105,6.86E-04
106,6.95E-04
107,7.29E-04
108,7.77E-04
109,8.21E-04
110,8.41E-04
111,8.19E-04
112,7.39E-04
113,5.93E-04
114,3.77E-04
115,9.86E-05
116,-2.33E-04
117,-5.98E-04
118,-9.75E-04
119,-1.34E-03
120,-1.65E-03
121,-1.87E-03
122,-1.96E-03
123,-1.91E-03
124,-0.001730285
125,-1.47E-03
126,-1.22E-03
127,-1.03E-03
128,-9.23E-04
129,-8.49E-04
130,-7.38E-04
131,-5.35E-04
132,-2.17E-04
133,1.96E-04
134,6.49E-04
135,1.06E-03
136,1.38E-03
137,1.54E-03
138,1.55E-03
139,1.43E-03
140,1.24E-03
141,1.02E-03
142,8.25E-04
143,6.89E-04
144,6.37E-04
145,6.70E-04
146,7.65E-04
147,8.72E-04
148,9.23E-04
149,8.55E-04
150,6.36E-04
151,2.82E-04
152,-1.42E-04
153,-5.43E-04
154,-8.17E-04
155,-8.72E-04
156,-6.68E-04
157,-2.42E-04
158,2.80E-04
159,7.20E-04
160,9.39E-04
161,8.85E-04
162,6.08E-04
163,2.17E-04
164,-1.67E-04
165,-4.44E-04
166,-5.44E-04
167,-4.44E-04
168,-1.74E-04
169,1.69E-04
170,4.48E-04
171,5.29E-04
172,3.32E-04
173,-1.38E-04
174,-7.88E-04
175,-1.45E-03
176,-1.94E-03
177,-2.08E-03
178,-1.78E-03
179,-1.14E-03
180,-4.00E-04
181,1.46E-04
182,3.00E-04
183,4.99E-05
184,-4.49E-04
185,-9.64E-04
186,-1.27E-03
187,-1.21E-03
188,-7.70E-04
189,-4.31E-05
190,7.57E-04
191,1.40E-03
192,1.72E-03
193,1.67E-03
194,1.29E-03
195,7.27E-04
196,1.40E-04
197,-3.04E-04
198,-4.80E-04
199,-3.23E-04
200,1.29E-04
201,7.45E-04
202,1.33E-03
203,1.69E-03
204,1.70E-03
205,1.37E-03
206,7.82E-04
207,9.73E-05
208,-4.99E-04
209,-8.41E-04
210,-8.35E-04
211,-4.84E-04
212,8.84E-05
213,6.76E-04
214,1.07E-03
215,1.12E-03
216,8.18E-04
217,2.56E-04
218,-3.90E-04
219,-9.23E-04
220,-1.18E-03
221,-1.09E-03
222,-6.92E-04
223,-1.46E-04
224,3.24E-04
225,5.23E-04
226,3.57E-04
227,-1.37E-04
228,-7.98E-04
229,-1.40E-03
230,-1.71E-03
231,-1.60E-03
232,-1.08E-03
233,-3.17E-04
234,4.05E-04
235,8.35E-04
236,8.42E-04
237,4.47E-04
238,-1.95E-04
239,-8.69E-04
240,-1.36E-03
241,-1.51E-03
242,-1.28E-03
243,-7.41E-04
244,-7.90E-05
245,4.85E-04
246,7.83E-04
247,7.61E-04
248,4.96E-04
249,1.55E-04
250,-7.66E-05
251,-6.64E-05
252,2.19E-04
253,7.05E-04
254,1.24E-03
255,1.67E-03
256,1.85E-03
257,1.74E-03
258,1.34E-03
259,7.28E-04
260,3.86E-05
261,-5.82E-04
262,-9.81E-04
263,-1.05E-03
264,-7.55E-04
265,-1.93E-04
266,4.54E-04
267,9.57E-04
268,1.15E-03
269,9.66E-04
270,4.94E-04
271,-1.02E-04
272,-6.30E-04
273,-9.38E-04
274,-9.59E-04
275,-7.25E-04
276,-3.50E-04
277,8.68E-06
278,2.07E-04
279,1.70E-04
280,-7.79E-05
281,-4.30E-04
282,-7.22E-04
283,-8.03E-04
284,-5.93E-04
285,-1.29E-04
286,4.43E-04
287,9.35E-04
288,1.17E-03
289,1.07E-03
290,6.25E-04
291,-6.11E-05
292,-8.46E-04
293,-1.56E-03
294,-2.02E-03
295,-2.13E-03
296,-1.85E-03
297,-1.29E-03
298,-6.36E-04
299,-1.07E-04
300,1.65E-04
301,1.82E-04
302,6.13E-05
303,-3.42E-05
304,1.14E-05
305,2.31E-04
306,5.78E-04
307,9.61E-04
308,1.28E-03
309,1.48E-03
310,1.52E-03
311,1.41E-03
312,1.18E-03
313,9.09E-04
314,6.39E-04
315,4.33E-04
316,3.37E-04
317,3.62E-04
318,4.84E-04
319,6.42E-04
320,7.58E-04
321,7.53E-04
322,5.77E-04
323,2.27E-04
324,-2.51E-04
325,-7.70E-04
326,-1.23E-03
327,-1.55E-03
328,-1.67E-03
329,-1.60E-03
330,-1.39E-03
331,-1.13E-03
332,-8.56E-04
333,-5.98E-04
334,-3.31E-04
335,-2.21E-05
336,3.33E-04
337,7.09E-04
338,1.05E-03
339,1.30E-03
340,1.43E-03
341,1.43E-03
342,1.32E-03
343,1.13E-03
344,8.76E-04
345,6.07E-04
346,3.48E-04
347,1.24E-04
348,-5.36E-05
349,-1.86E-04
350,-2.92E-04
351,-4.04E-04
352,-5.58E-04
353,-7.74E-04
354,-1.04E-03
355,-1.30E-03
356,-1.45E-03
357,-1.41E-03
358,-1.15E-03
359,-7.48E-04
360,-3.11E-04
361,3.00E-05
362,2.15E-04
363,2.50E-04
364,2.01E-04
365,1.49E-04
366,1.70E-04
367,3.04E-04
368,5.56E-04
369,8.89E-04
370,1.24E-03
371,1.52E-03
372,1.68E-03
373,1.67E-03
374,1.48E-03
375,1.14E-03
376,6.92E-04
377,2.08E-04
378,-2.44E-04
379,-5.95E-04
380,-7.92E-04
381,-8.11E-04
382,-6.80E-04
383,-4.80E-04
384,-3.36E-04
385,-3.60E-04
386,-5.91E-04
387,-9.73E-04
388,-1.36E-03
389,-1.59E-03
390,-1.52E-03
391,-1.11E-03
392,-4.30E-04
393,3.29E-04
394,9.57E-04
395,1.31E-03
396,1.38E-03
397,1.22E-03
398,9.69E-04
399,7.20E-04
400,5.50E-04
401,4.95E-04
402,5.60E-04
403,7.26E-04
404,9.47E-04
405,1.16E-03
406,1.29E-03
407,1.27E-03
408,1.05E-03
409,6.35E-04
410,7.80E-05
411,-5.36E-04
412,-1.10E-03
413,-1.51E-03
414,-1.68E-03
415,-1.54E-03
416,-1.13E-03
417,-5.89E-04
418,-1.32E-04
419,4.99E-05
420,-8.91E-05
421,-4.43E-04
422,-8.33E-04
423,-1.09E-03
424,-1.12E-03
425,-8.91E-04
426,-4.33E-04
427,1.48E-04
428,7.00E-04
429,1.07E-03
430,1.16E-03
431,9.81E-04
432,5.99E-04
433,1.39E-04
434,-2.83E-04
435,-5.78E-04
436,-6.93E-04
437,-6.04E-04
438,-3.28E-04
439,6.50E-05
440,4.55E-04
441,7.00E-04
442,6.99E-04
443,4.51E-04
444,4.72E-05
445,-3.66E-04
446,-6.56E-04
447,-7.34E-04
448,-5.73E-04
449,-2.02E-04
450,2.94E-04
451,7.84E-04
452,1.13E-03
453,1.23E-03
454,1.09E-03
455,7.69E-04
456,3.97E-04
457,7.83E-05
458,-1.16E-04
459,-1.63E-04
460,-7.17E-05
461,1.21E-04
462,3.60E-04
463,5.72E-04
464,6.78E-04
465,6.13E-04
466,3.64E-04
467,-2.30E-05
468,-4.49E-04
469,-8.05E-04
470,-1.01E-03
471,-0.001018614
472,-8.41E-04
473,-5.22E-04
474,-1.54E-04
475,1.48E-04
476,2.81E-04
477,2.09E-04
478,-1.92E-05
479,-3.04E-04
480,-5.40E-04
481,-6.60E-04
482,-6.46E-04
483,-5.18E-04
484,-3.19E-04
485,-1.11E-04
486,4.35E-05
487,8.84E-05
488,9.92E-07
489,-1.96E-04
490,-4.38E-04
491,-6.42E-04
492,-7.36E-04
493,-6.80E-04
494,-4.79E-04
495,-1.79E-04
496,1.40E-04
497,3.93E-04
498,5.21E-04
499,5.13E-04
500,4.08E-04
501,2.76E-04
502,1.81E-04
503,1.66E-04
504,2.39E-04
505,3.81E-04
506,5.56E-04
507,7.20E-04
508,8.31E-04
509,8.59E-04
510,7.92E-04
511,6.47E-04
512,4.65E-04
513,2.93E-04
514,1.78E-04
515,1.40E-04
516,1.77E-04
517,2.56E-04
518,3.34E-04
519,3.63E-04
520,3.09E-04
521,1.64E-04
522,-5.33E-05
523,-3.00E-04
524,-5.23E-04
525,-6.73E-04
526,-7.19E-04
527,-6.52E-04
528,-4.92E-04
529,-2.89E-04
530,-1.12E-04
531,-2.65E-05
532,-6.71E-05
533,-2.12E-04
534,-3.97E-04
535,-5.39E-04
536,-5.81E-04
537,-5.04E-04
538,-3.26E-04
539,-9.23E-05
540,1.35E-04
541,2.94E-04
542,3.34E-04
543,2.39E-04
544,3.51E-05
545,-2.14E-04
546,-4.28E-04
547,-5.36E-04
548,-5.00E-04
549,-3.22E-04
550,-4.27E-05
551,2.63E-04
552,5.03E-04
553,5.94E-04
554,5.00E-04
555,2.50E-04
556,-6.89E-05
557,-3.55E-04
558,-5.26E-04
559,-5.40E-04
560,-3.98E-04
561,-1.30E-04
562,2.06E-04
563,5.33E-04
564,7.55E-04
565,7.89E-04
566,6.08E-04
567,2.66E-04
568,-1.16E-04
569,-4.10E-04
570,-5.28E-04
571,-4.47E-04
572,-2.01E-04
573,1.44E-04
574,5.10E-04
575,8.06E-04
576,9.49E-04
577,8.81E-04
578,6.08E-04
579,2.06E-04
580,-1.99E-04
581,-4.83E-04
582,-5.71E-04
583,-4.53E-04
584,-1.79E-04
585,1.72E-04
586,5.02E-04
587,7.12E-04
588,7.14E-04
589,4.72E-04
590,2.77E-05
591,-5.07E-04
592,-9.92E-04
593,-1.31E-03
594,-1.42E-03
595,-1.31E-03
596,-1.03E-03
597,-6.15E-04
598,-1.68E-04
599,1.81E-04
600,2.91E-04
601,1.17E-04
602,-2.43E-04
603,-5.97E-04
604,-7.70E-04
605,-6.78E-04
606,-3.42E-04
607,1.52E-04
608,6.94E-04
609,1.18E-03
610,1.50E-03
611,1.58E-03
612,1.41E-03
613,1.02E-03
614,5.40E-04
615,8.52E-05
616,-2.30E-04
617,-3.52E-04
618,-2.90E-04
619,-9.95E-05
620,1.45E-04
621,3.71E-04
622,5.10E-04
623,5.04E-04
624,3.12E-04
625,-5.84E-05
626,-5.33E-04
627,-9.84E-04
628,-0.001283199
629,-1.35E-03
630,-1.17E-03
631,-7.91E-04
632,-2.82E-04
633,2.40E-04
634,6.38E-04
635,7.97E-04
636,6.90E-04
637,3.94E-04
638,5.22E-05
639,-2.02E-04
640,-2.94E-04
641,-2.22E-04
642,-3.39E-05
643,2.04E-04
644,4.31E-04
645,5.94E-04
646,6.52E-04
647,5.74E-04
648,3.47E-04
649,-5.27E-06
650,-4.21E-04
651,-8.12E-04
652,-1.09E-03
653,-1.20E-03
654,-1.13E-03
655,-8.91E-04
656,-5.49E-04
657,-1.85E-04
658,1.01E-04
659,2.37E-04
660,2.13E-04
661,8.74E-05
662,-4.96E-05
663,-1.13E-04
664,-5.51E-05
665,1.32E-04
666,4.20E-04
667,7.59E-04
668,1.09E-03
669,1.34E-03
670,1.46E-03
671,1.45E-03
672,1.29E-03
673,1.05E-03
674,7.64E-04
675,4.95E-04
676,2.76E-04
677,1.25E-04
678,3.99E-05
679,1.14E-05
680,2.23E-05
681,4.93E-05
682,6.24E-05
683,2.77E-05
684,-8.22E-05
685,-2.73E-04
686,-5.19E-04
687,-7.72E-04
688,-9.71E-04
689,-1.07E-03
690,-1.05E-03
691,-9.11E-04
692,-7.03E-04
693,-4.86E-04
694,-3.21E-04
695,-2.49E-04
696,-2.75E-04
697,-3.74E-04
698,-4.97E-04
699,-5.93E-04
700,-6.19E-04
701,-5.57E-04
702,-4.14E-04
703,-2.24E-04
704,-3.84E-05
705,8.86E-05
706,1.21E-04
707,5.08E-05
708,-9.91E-05
709,-2.82E-04
710,-4.39E-04
711,-5.13E-04
712,-4.66E-04
713,-2.89E-04
714,-9.08E-06
715,3.16E-04
716,6.20E-04
717,8.45E-04
718,9.66E-04
719,9.89E-04
720,9.47E-04
721,8.81E-04
722,8.30E-04
723,8.21E-04
724,8.59E-04
725,9.37E-04
726,1.03E-03
727,1.11E-03
728,1.15E-03
729,1.11E-03
730,9.99E-04
731,8.03E-04
732,5.41E-04
733,2.45E-04
734,-4.18E-05
735,-2.69E-04
736,-3.94E-04
737,-3.89E-04
738,-2.65E-04
739,-6.57E-05
740,1.32E-04
741,2.51E-04
742,2.34E-04
743,7.26E-05
744,-2.04E-04
745,-5.29E-04
746,-8.25E-04
747,-1.02E-03
748,-1.06E-03
749,-9.42E-04
750,-7.07E-04
751,-4.30E-04
752,-2.06E-04
753,-1.19E-04
754,-2.13E-04
755,-4.81E-04
756,-8.66E-04
757,-1.27E-03
758,-1.59E-03
759,-1.74E-03
760,-1.66E-03
761,-1.39E-03
762,-1.00E-03
763,-6.24E-04
764,-3.66E-04
765,-2.79E-04
766,-3.49E-04
767,-4.91E-04
768,-5.91E-04
769,-5.48E-04
770,-3.03E-04
771,1.40E-04
772,7.17E-04
773,1.33E-03
774,1.89E-03
775,2.30E-03
776,2.54E-03
777,2.58E-03
778,2.46E-03
779,2.19E-03
780,1.84E-03
781,1.45E-03
782,1.08E-03
783,7.48E-04
784,5.02E-04
785,3.68E-04
786,3.44E-04
787,4.14E-04
788,5.39E-04
789,6.66E-04
790,7.34E-04
791,6.87E-04
792,4.98E-04
793,1.79E-04
794,-2.18E-04
795,-6.14E-04
796,-9.16E-04
797,-1.05E-03
798,-9.88E-04
799,-7.47E-04
800,-3.98E-04
801,-3.60E-05
802,2.48E-04
803,3.95E-04
804,3.85E-04
805,2.37E-04
806,-1.27E-06
807,-2.73E-04
808,-5.23E-04
809,-6.98E-04
810,-7.80E-04
811,-7.56E-04
812,-6.62E-04
813,-5.39E-04
814,-4.49E-04
815,-4.47E-04
816,-5.79E-04
817,-8.47E-04
818,-1.22E-03
819,-1.63E-03
820,-1.99E-03
821,-2.18E-03
822,-2.13E-03
823,-1.82E-03
824,-1.31E-03
825,-6.93E-04
826,-1.17E-04
827,3.21E-04
828,5.68E-04
829,6.48E-04
830,6.15E-04
831,5.55E-04
832,5.40E-04
833,6.23E-04
834,8.21E-04
835,1.12E-03
836,1.49E-03
837,1.88E-03
838,2.24E-03
839,2.52E-03
840,2.70E-03
841,2.73E-03
842,2.63E-03
843,2.38E-03
844,2.03E-03
845,1.57E-03
846,1.07E-03
847,5.50E-04
848,7.63E-05
849,-3.07E-04
850,-5.49E-04
851,-6.26E-04
852,-5.43E-04
853,-3.47E-04
854,-1.26E-04
855,2.04E-05
856,1.52E-05
857,-1.54E-04
858,-4.38E-04
859,-7.29E-04
860,-9.12E-04
861,-9.03E-04
862,-6.77E-04
863,-2.82E-04
864,1.84E-04
865,6.05E-04
866,8.81E-04
867,9.54E-04
868,8.18E-04
869,4.96E-04
870,4.67E-05
871,-4.60E-04
872,-9.51E-04
873,-1.35E-03
874,-1.59E-03
875,-1.63E-03
876,-1.48E-03
877,-1.19E-03
878,-8.97E-04
879,-7.39E-04
880,-8.21E-04
881,-1.15E-03
882,-1.62E-03
883,-2.05E-03
884,-2.25E-03
885,-2.09E-03
886,-1.55E-03
887,-7.32E-04
888,1.52E-04
889,8.95E-04
890,1.37E-03
891,1.56E-03
892,1.54E-03
893,1.41E-03
894,1.27E-03
895,1.17E-03
896,1.15E-03
897,1.22E-03
898,1.36E-03
899,1.56E-03
900,1.77E-03
901,1.95E-03
902,2.08E-03
903,2.11E-03
904,2.02E-03
905,1.80E-03
906,1.46E-03
907,1.02E-03
908,5.36E-04
909,5.14E-05
910,-3.76E-04
911,-6.92E-04
912,-8.50E-04
913,-8.20E-04
914,-6.05E-04
915,-2.60E-04
916,1.06E-04
917,3.60E-04
918,4.08E-04
919,2.52E-04
920,-2.24E-05
921,-2.97E-04
922,-4.70E-04
923,-4.91E-04
924,-3.55E-04
925,-9.71E-05
926,2.29E-04
927,5.50E-04
928,7.88E-04
929,8.75E-04
930,7.71E-04
931,4.75E-04
932,2.54E-05
933,-5.12E-04
934,-1.06E-03
935,-1.55E-03
936,-1.92E-03
937,-2.12E-03
938,-2.10E-03
939,-1.85E-03
940,-1.44E-03
941,-0.001014553
942,-7.59E-04
943,-7.85E-04
944,-1.05E-03
945,-1.41E-03
946,-1.65E-03
947,-1.62E-03
948,-1.26E-03
949,-5.97E-04
950,2.41E-04
951,1.07E-03
952,1.72E-03
953,2.09E-03
954,2.17E-03
955,2.02E-03
956,1.75E-03
957,1.44E-03
958,1.17E-03
959,9.71E-04
960,8.61E-04
961,8.39E-04
962,8.95E-04
963,1.01E-03
964,1.16E-03
965,1.33E-03
966,1.48E-03
967,1.57E-03
968,1.56E-03
969,1.39E-03
970,1.06E-03
971,5.64E-04
972,-3.27E-05
973,-6.54E-04
974,-1.21E-03
975,-1.61E-03
976,-1.76E-03
977,-1.59E-03
978,-1.09E-03
979,-3.47E-04
980,4.32E-04
981,1.01E-03
982,1.23E-03
983,1.08E-03
984,6.55E-04
985,1.03E-04
986,-4.34E-04
987,-8.46E-04
988,-1.06E-03
989,-1.02E-03
990,-7.32E-04
991,-2.30E-04
992,3.81E-04
993,9.56E-04
994,1.35E-03
995,1.43E-03
996,1.15E-03
997,4.87E-04
998,-4.73E-04
999,-1.61E-03
1000,-2.72E-03
1001,-3.54E-03
1002,-3.80E-03
1003,-3.28E-03
1004,-2.02E-03
1005,-4.00E-04
1006,1.02E-03
1007,1.78E-03
1008,1.73E-03
1009,1.00E-03
1010,-8.11E-05
1011,-1.17E-03
1012,-1.95E-03
1013,-2.24E-03
1014,-1.94E-03
1015,-1.09E-03
1016,1.29E-04
1017,1.47E-03
1018,2.68E-03
1019,3.58E-03
1020,4.05E-03
1021,4.08E-03
1022,3.69E-03
1023,2.97E-03
1024,1.98E-03
1025,8.38E-04
1026,-3.44E-04
1027,-1.42E-03
1028,-2.24E-03
1029,-2.64E-03
1030,-2.49E-03
1031,-1.77E-03
1032,-6.05E-04
1033,7.30E-04
1034,1.86E-03
1035,2.42E-03
1036,2.26E-03
1037,1.42E-03
1038,1.30E-04
1039,-1.30E-03
1040,-2.54E-03
1041,-3.27E-03
1042,-3.28E-03
1043,-2.51E-03
1044,-1.13E-03
1045,4.66E-04
1046,1.83E-03
1047,2.62E-03
1048,2.71E-03
1049,2.16E-03
1050,1.16E-03
1051,-5.51E-05
1052,-1.27E-03
1053,-2.28E-03
1054,-2.88E-03
1055,-2.92E-03
1056,-2.33E-03
1057,-1.21E-03
1058,1.65E-04
1059,1.43E-03
1060,2.19E-03
1061,2.27E-03
1062,1.66E-03
1063,5.70E-04
1064,-7.40E-04
1065,-1.99E-03
1066,-2.94E-03
1067,-3.34E-03
1068,-3.05E-03
1069,-2.04E-03
1070,-5.45E-04
1071,1.01E-03
1072,2.15E-03
1073,2.57E-03
1074,2.30E-03
1075,0.001572375
1076,6.97E-04
1077,-7.78E-05
1078,-6.16E-04
1079,-8.64E-04
1080,-8.19E-04
1081,-5.06E-04
1082,1.94E-05
1083,6.72E-04
1084,1.34E-03
1085,1.87E-03
1086,2.16E-03
1087,0.002080746
1088,1.63E-03
1089,8.72E-04
1090,-2.53E-05
1091,-8.84E-04
1092,-1.55E-03
1093,-1.93E-03
1094,-1.97E-03
1095,-1.66E-03
1096,-1.02E-03
1097,-1.54E-04
1098,7.10E-04
1099,1.25E-03
1100,1.21E-03
1101,6.14E-04
1102,-2.97E-04
1103,-1.18E-03
1104,-1.77E-03
1105,-1.96E-03
1106,-1.80E-03
1107,-1.38E-03
1108,-7.87E-04
1109,-1.07E-04
1110,5.76E-04
1111,1.15E-03
1112,1.44E-03
1113,1.30E-03
1114,7.19E-04
1115,-1.41E-04
1116,-9.81E-04
1117,-1.53E-03
1118,-1.66E-03
1119,-1.40E-03
1120,-8.52E-04
1121,-1.77E-04
1122,4.97E-04
1123,1.06E-03
1124,1.41E-03
1125,1.47E-03
1126,1.19E-03
1127,6.00E-04
1128,-1.73E-04
1129,-9.28E-04
1130,-1.46E-03
1131,-1.63E-03
1132,-1.42E-03
1133,-8.78E-04
1134,-1.29E-04
1135,7.01E-04
1136,1.47E-03
1137,2.01E-03
1138,2.17E-03
1139,1.87E-03
1140,1.17E-03
1141,2.54E-04
1142,-6.27E-04
1143,-1.25E-03
1144,-1.50E-03
1145,-1.35E-03
1146,-9.09E-04
1147,-2.96E-04
1148,3.34E-04
1149,8.47E-04
1150,1.18E-03
1151,1.31E-03
1152,1.29E-03
1153,1.14E-03
1154,8.32E-04
1155,3.48E-04
1156,-2.67E-04
1157,-8.70E-04
1158,-1.31E-03
1159,-1.48E-03
1160,-1.39E-03
1161,-1.10E-03
1162,-6.86E-04
1163,-2.08E-04
1164,2.72E-04
1165,6.87E-04
1166,9.64E-04
1167,1.05E-03
1168,9.13E-04
1169,5.78E-04
1170,8.91E-05
1171,-4.86E-04
1172,-1.07E-03
1173,-1.60E-03
1174,-1.96E-03
1175,-2.08E-03
1176,-1.85E-03
1177,-1.26E-03
1178,-4.09E-04
1179,4.90E-04
1180,1.19E-03
1181,1.52E-03
1182,1.42E-03
1183,9.40E-04
1184,2.14E-04
1185,-6.06E-04
1186,-1.36E-03
1187,-1.91E-03
1188,-2.12E-03
1189,-1.92E-03
1190,-1.32E-03
1191,-4.04E-04
1192,6.51E-04
1193,1.65E-03
1194,2.40E-03
1195,2.79E-03
1196,2.79E-03
1197,2.43E-03
1198,1.82E-03
1199,1.06E-03
1200,2.75E-04
1201,-4.15E-04
1202,-9.12E-04
1203,-1.15E-03
1204,-1.11E-03
1205,-7.93E-04
1206,-2.82E-04
1207,3.18E-04
1208,8.75E-04
1209,1.25E-03
1210,1.34E-03
1211,1.09E-03
1212,5.16E-04
1213,-2.84E-04
1214,-1.14E-03
1215,-1.83E-03
1216,-2.16E-03
1217,-2.02E-03
1218,-1.40E-03
1219,-4.62E-04
1220,5.54E-04
1221,1.40E-03
1222,1.90E-03
1223,1.97E-03
1224,1.64E-03
1225,1.01E-03
1226,2.22E-04
1227,-5.78E-04
1228,-1.25E-03
1229,-1.67E-03
1230,-1.78E-03
1231,-1.57E-03
1232,-1.10E-03
1233,-4.64E-04
1234,1.83E-04
1235,7.00E-04
1236,9.57E-04
1237,8.85E-04
1238,4.92E-04
1239,-1.38E-04
1240,-8.48E-04
1241,-1.46E-03
1242,-1.80E-03
1243,-1.78E-03
1244,-1.43E-03
1245,-8.48E-04
1246,-2.14E-04
1247,2.90E-04
1248,5.42E-04
1249,4.94E-04
1250,2.00E-04
1251,-2.21E-04
1252,-6.16E-04
1253,-8.48E-04
1254,-8.22E-04
1255,-5.23E-04
1256,7.63E-06
1257,6.69E-04
1258,1.35E-03
1259,1.93E-03
1260,2.33E-03
1261,2.50E-03
1262,2.43E-03
1263,2.14E-03
1264,1.67E-03
1265,1.10E-03
1266,5.00E-04
1267,-3.74E-05
1268,-4.40E-04
1269,-6.53E-04
1270,-6.39E-04
1271,-4.19E-04
1272,-4.03E-05
1273,4.09E-04
1274,8.19E-04
1275,1.07E-03
1276,0.001066217
1277,7.64E-04
1278,1.86E-04
1279,-5.66E-04
1280,-1.33E-03
1281,-1.90E-03
1282,-2.13E-03
1283,-1.91E-03
1284,-1.30E-03
1285,-4.60E-04
1286,3.78E-04
1287,9.87E-04
1288,1.22E-03
1289,1.04E-03
1290,4.96E-04
1291,-2.54E-04
1292,-1.03E-03
1293,-1.65E-03
1294,-1.96E-03
1295,-1.89E-03
1296,-1.45E-03
1297,-7.25E-04
1298,1.16E-04
1299,8.98E-04
1300,1.46E-03
1301,1.67E-03
1302,1.49E-03
1303,9.50E-04
1304,1.43E-04
1305,-7.64E-04
1306,-1.58E-03
1307,-2.10E-03
1308,-2.20E-03
1309,-1.82E-03
1310,-1.03E-03
1311,-1.48E-05
1312,9.96E-04
1313,1.78E-03
1314,2.17E-03
1315,2.13E-03
1316,1.70E-03
1317,9.87E-04
1318,1.62E-04
1319,-6.07E-04
1320,-1.17E-03
1321,-1.41E-03
1322,-1.28E-03
1323,-8.20E-04
1324,-1.11E-04
1325,7.07E-04
1326,1.48E-03
1327,2.08E-03
1328,2.39E-03
1329,2.38E-03
1330,2.04E-03
1331,1.43E-03
1332,6.42E-04
1333,-2.07E-04
1334,-9.80E-04
1335,-1.54E-03
1336,-1.79E-03
1337,-1.66E-03
1338,-1.18E-03
1339,-4.67E-04
1340,3.12E-04
1341,9.58E-04
1342,1.31E-03
1343,1.28E-03
1344,9.03E-04
1345,2.64E-04
1346,-4.85E-04
1347,-1.18E-03
1348,-1.67E-03
1349,-1.85E-03
1350,-1.68E-03
1351,-1.21E-03
1352,-5.68E-04
1353,8.13E-05
1354,5.65E-04
1355,7.62E-04
1356,6.27E-04
1357,1.94E-04
1358,-4.38E-04
1359,-1.13E-03
1360,-1.72E-03
1361,-2.08E-03
1362,-2.10E-03
1363,-1.75E-03
1364,-1.10E-03
1365,-3.15E-04
1366,4.15E-04
1367,9.13E-04
1368,1.10E-03
1369,9.95E-04
1370,7.01E-04
1371,3.46E-04
1372,4.68E-05
1373,-1.15E-04
1374,-9.91E-05
1375,9.70E-05
1376,4.41E-04
1377,8.72E-04
1378,1.32E-03
1379,1.70E-03
1380,1.96E-03
1381,2.06E-03
1382,1.99E-03
1383,1.76E-03
1384,1.44E-03
1385,1.05E-03
1386,6.76E-04
1387,3.46E-04
1388,9.65E-05
1389,-5.71E-05
1390,-1.18E-04
1391,-1.00E-04
1392,-3.03E-05
1393,6.05E-05
1394,1.33E-04
1395,1.43E-04
1396,5.19E-05
1397,-1.66E-04
1398,-4.98E-04
1399,-8.87E-04
1400,-1.25E-03
1401,-1.48E-03
1402,-1.54E-03
1403,-1.40E-03
1404,-1.08E-03
1405,-6.54E-04
1406,-2.09E-04
1407,1.48E-04
1408,3.35E-04
1409,3.22E-04
1410,1.43E-04
1411,-1.21E-04
1412,-3.72E-04
1413,-5.31E-04
1414,-5.64E-04
1415,-4.68E-04
1416,-2.74E-04
1417,-3.24E-05
1418,2.01E-04
1419,3.81E-04
1420,4.64E-04
1421,4.21E-04
1422,2.39E-04
1423,-6.76E-05
1424,-4.55E-04
1425,-8.54E-04
1426,-1.18E-03
1427,-1.37E-03
1428,-1.39E-03
1429,-1.23E-03
1430,-9.19E-04
1431,-5.24E-04
1432,-1.16E-04
1433,2.28E-04
1434,4.39E-04
1435,4.88E-04
1436,4.00E-04
1437,2.51E-04
1438,1.38E-04
1439,1.38E-04
1440,2.99E-04
1441,6.12E-04
1442,1.04E-03
1443,1.52E-03
1444,1.98E-03
1445,2.38E-03
1446,2.65E-03
1447,2.77E-03
1448,2.72E-03
1449,2.53E-03
1450,2.20E-03
1451,1.76E-03
1452,1.27E-03
1453,7.65E-04
1454,2.95E-04
1455,-9.22E-05
1456,-3.70E-04
1457,-5.17E-04
1458,-5.48E-04
1459,-4.94E-04
1460,-4.01E-04
1461,-3.20E-04
1462,-2.87E-04
1463,-0.000320573
1464,-4.24E-04
1465,-5.96E-04
1466,-8.35E-04
1467,-1.12E-03
1468,-1.41E-03
1469,-1.65E-03
1470,-1.76E-03
1471,-1.73E-03
1472,-1.55E-03
1473,-1.23E-03
1474,-8.21E-04
1475,-3.64E-04
1476,6.73E-05
1477,4.05E-04
1478,6.00E-04
1479,6.35E-04
1480,5.29E-04
1481,3.21E-04
1482,5.70E-05
1483,-2.18E-04
1484,-4.70E-04
1485,-6.69E-04
1486,-7.90E-04
1487,-8.11E-04
1488,-7.23E-04
1489,-5.30E-04
1490,-2.63E-04
1491,2.12E-05
1492,2.48E-04
1493,3.45E-04
1494,2.61E-04
1495,-9.00E-06
1496,-4.22E-04
1497,-8.91E-04
1498,-1.29E-03
1499,-1.50E-03
1500,-1.42E-03
1501,-1.00E-03
1502,-3.00E-04
1503,5.60E-04
1504,1.42E-03
1505,2.13E-03
1506,2.60E-03
1507,2.80E-03
1508,2.76E-03
1509,2.50E-03
1510,2.09E-03
1511,1.59E-03
1512,1.05E-03
1513,5.29E-04
1514,7.21E-05
1515,-2.78E-04
1516,-4.86E-04
1517,-5.32E-04
1518,-4.05E-04
1519,-1.17E-04
1520,2.94E-04
1521,7.73E-04
1522,1.24E-03
1523,1.60E-03
1524,1.78E-03
1525,1.70E-03
1526,1.36E-03
1527,7.84E-04
1528,3.52E-05
1529,-7.64E-04
1530,-1.47E-03
1531,-1.95E-03
1532,-2.08E-03
1533,-1.83E-03
1534,-1.26E-03
1535,-5.12E-04
1536,2.15E-04
1537,7.31E-04
1538,9.04E-04
1539,6.97E-04
1540,1.54E-04
1541,-6.03E-04
1542,-1.41E-03
1543,-2.09E-03
1544,-2.48E-03
1545,-2.47E-03
1546,-2.05E-03
1547,-1.29E-03
1548,-3.83E-04
1549,4.72E-04
1550,1.08E-03
1551,1.29E-03
1552,1.07E-03
1553,4.55E-04
1554,-4.33E-04
1555,-1.41E-03
1556,-2.27E-03
1557,-2.82E-03
1558,-2.89E-03
1559,-2.43E-03
1560,-1.53E-03
1561,-3.67E-04
1562,8.08E-04
1563,1.76E-03
1564,2.32E-03
1565,2.45E-03
1566,2.18E-03
1567,1.63E-03
1568,9.26E-04
1569,2.24E-04
1570,-3.59E-04
1571,-7.28E-04
1572,-8.34E-04
1573,-6.68E-04
1574,-2.71E-04
1575,3.01E-04
1576,9.51E-04
1577,1.59E-03
1578,2.14E-03
1579,2.53E-03
1580,2.70E-03
1581,2.63E-03
1582,2.34E-03
1583,1.83E-03
1584,1.18E-03
1585,4.42E-04
1586,-2.83E-04
1587,-8.97E-04
1588,-1.31E-03
1589,-1.44E-03
1590,-1.27E-03
1591,-8.39E-04
1592,-2.31E-04
1593,4.07E-04
1594,9.18E-04
1595,1.18E-03
1596,1.15E-03
1597,8.26E-04
1598,3.03E-04
1599,-3.02E-04
1600,-8.60E-04
1601,-1.25E-03
1602,-1.40E-03
1603,-1.28E-03
1604,-9.09E-04
1605,-3.85E-04
1606,1.77E-04
1607,6.55E-04
1608,9.45E-04
1609,9.85E-04
1610,7.58E-04
1611,2.97E-04
1612,-3.35E-04
1613,-1.05E-03
1614,-1.72E-03
1615,-2.25E-03
1616,-2.54E-03
1617,-2.52E-03
1618,-2.21E-03
1619,-1.67E-03
1620,-1.07E-03
1621,-5.76E-04
1622,-3.14E-04
1623,-3.24E-04
1624,-5.49E-04
1625,-8.59E-04
1626,-1.11E-03
1627,-1.17E-03
1628,-9.95E-04
1629,-5.92E-04
1630,-2.36E-05
1631,6.10E-04
1632,1.22E-03
1633,1.72E-03
1634,2.09E-03
1635,2.31E-03
1636,2.40E-03
1637,2.37E-03
1638,2.28E-03
1639,2.13E-03
1640,1.96E-03
1641,1.79E-03
1642,1.62E-03
1643,1.48E-03
1644,1.36E-03
1645,1.26E-03
1646,1.19E-03
1647,1.13E-03
1648,1.09E-03
1649,1.04E-03
1650,9.81E-04
1651,8.94E-04
1652,7.60E-04
1653,5.67E-04
1654,3.05E-04
1655,-2.70E-05
1656,-4.16E-04
1657,-8.33E-04
1658,-1.23E-03
1659,-1.56E-03
1660,-1.75E-03
1661,-1.75E-03
1662,-1.54E-03
1663,-1.17E-03
1664,-7.07E-04
1665,-2.62E-04
1666,8.08E-05
1667,2.86E-04
1668,3.68E-04
1669,3.71E-04
1670,3.45E-04
1671,3.25E-04
1672,3.30E-04
1673,3.64E-04
1674,4.21E-04
1675,4.87E-04
1676,5.48E-04
1677,5.89E-04
1678,5.96E-04
1679,5.58E-04
1680,4.67E-04
1681,3.18E-04
1682,1.11E-04
1683,-1.52E-04
1684,-4.61E-04
1685,-7.96E-04
1686,-1.13E-03
1687,-1.43E-03
1688,-1.66E-03
1689,-1.76E-03
1690,-1.72E-03
1691,-1.54E-03
1692,-1.27E-03
1693,-9.76E-04
1694,-7.33E-04
1695,-5.79E-04
1696,-5.14E-04
1697,-5.03E-04
1698,-4.91E-04
1699,-4.27E-04
1700,-2.77E-04
1701,-3.00E-05
1702,3.04E-04
1703,6.97E-04
1704,1.11E-03
1705,1.51E-03
1706,1.85E-03
1707,2.11E-03
1708,2.28E-03
1709,2.37E-03
1710,2.37E-03
1711,2.30E-03
1712,2.18E-03
1713,2.02E-03
1714,1.82E-03
1715,1.61E-03
1716,1.39E-03
1717,1.16E-03
1718,9.37E-04
1719,7.21E-04
1720,5.14E-04
1721,3.20E-04
1722,1.43E-04
1723,-1.27E-05
1724,-1.44E-04
1725,-2.48E-04
1726,-3.32E-04
1727,-4.08E-04
1728,-4.99E-04
1729,-6.29E-04
1730,-8.17E-04
1731,-1.06E-03
1732,-1.32E-03
1733,-1.55E-03
1734,-1.66E-03
1735,-1.60E-03
1736,-1.34E-03
1737,-9.18E-04
1738,-4.01E-04
1739,1.16E-04
1740,5.49E-04
1741,8.39E-04
1742,9.63E-04
1743,9.30E-04
1744,7.67E-04
1745,5.13E-04
1746,2.10E-04
1747,-1.01E-04
1748,-3.70E-04
1749,-5.66E-04
1750,-6.63E-04
1751,-6.44E-04
1752,-5.06E-04
1753,-2.70E-04
1754,3.63E-05
1755,3.57E-04
1756,6.38E-04
1757,8.17E-04
1758,8.42E-04
1759,6.85E-04
1760,3.42E-04
1761,-1.54E-04
1762,-7.36E-04
1763,-1.31E-03
1764,-1.75E-03
1765,-1.97E-03
1766,-1.89E-03
1767,-1.50E-03
1768,-8.59E-04
1769,-8.98E-05
1770,6.64E-04
1771,1.27E-03
1772,1.64E-03
1773,1.74E-03
1774,1.60E-03
1775,1.27E-03
1776,8.25E-04
1777,3.43E-04
1778,-1.01E-04
1779,-4.47E-04
1780,-6.48E-04
1781,-6.85E-04
1782,-5.58E-04
1783,-2.88E-04
1784,8.74E-05
1785,5.22E-04
1786,9.50E-04
1787,1.32E-03
1788,1.57E-03
1789,1.66E-03
1790,1.56E-03
1791,1.27E-03
1792,8.02E-04
1793,1.99E-04
1794,-4.66E-04
1795,-1.10E-03
1796,-1.60E-03
1797,-1.86E-03
1798,-1.84E-03
1799,-1.51E-03
1800,-9.38E-04
1801,-2.45E-04
1802,4.18E-04
1803,9.14E-04
1804,1.15E-03
1805,1.09E-03
1806,7.78E-04
1807,2.84E-04
1808,-2.88E-04
1809,-8.24E-04
1810,-1.23E-03
1811,-1.42E-03
1812,-1.37E-03
1813,-1.08E-03
1814,-6.08E-04
1815,-2.03E-05
1816,5.86E-04
1817,1.12E-03
1818,1.49E-03
1819,1.65E-03
1820,1.57E-03
1821,1.26E-03
1822,7.48E-04
1823,9.11E-05
1824,-6.31E-04
1825,-1.32E-03
1826,-1.88E-03
1827,-2.21E-03
1828,-2.23E-03
1829,-1.94E-03
1830,-1.37E-03
1831,-6.26E-04
1832,1.40E-04
1833,7.82E-04
1834,1.19E-03
1835,1.32E-03
1836,1.19E-03
1837,8.72E-04
1838,4.63E-04
1839,5.79E-05
1840,-2.65E-04
1841,-4.51E-04
1842,-4.75E-04
1843,-3.38E-04
1844,-7.20E-05
1845,2.86E-04
1846,6.79E-04
1847,1.06E-03
1848,1.38E-03
1849,1.60E-03
1850,1.69E-03
1851,1.65E-03
1852,1.47E-03
1853,1.16E-03
1854,7.62E-04
1855,2.96E-04
1856,-1.89E-04
1857,-6.40E-04
1858,-1.00E-03
1859,-1.23E-03
1860,-1.29E-03
1861,-1.16E-03
1862,-8.85E-04
1863,-5.19E-04
1864,-1.50E-04
1865,1.27E-04
1866,2.48E-04
1867,1.85E-04
1868,-4.61E-05
1869,-3.84E-04
1870,-7.56E-04
1871,-1.08E-03
1872,-1.29E-03
1873,-1.34E-03
1874,-1.21E-03
1875,-9.05E-04
1876,-4.80E-04
1877,9.23E-07
1878,4.62E-04
1879,8.35E-04
1880,1.08E-03
1881,1.17E-03
1882,1.14E-03
1883,9.92E-04
1884,7.83E-04
1885,5.47E-04
1886,3.17E-04
1887,1.20E-04
1888,-2.84E-05
1889,-1.19E-04
1890,-1.51E-04
1891,-1.30E-04
1892,-6.88E-05
1893,1.46E-05
1894,9.71E-05
1895,1.54E-04
1896,1.61E-04
1897,1.01E-04
1898,-3.10E-05
1899,-2.26E-04
1900,-4.57E-04
1901,-6.88E-04
1902,-8.77E-04
1903,-9.86E-04
1904,-9.86E-04
1905,-8.69E-04
1906,-6.46E-04
1907,-3.48E-04
1908,-2.26E-05
1909,2.81E-04
1910,5.21E-04
1911,6.77E-04
1912,7.47E-04
1913,7.51E-04
1914,7.14E-04
1915,6.65E-04
1916,6.25E-04
1917,6.11E-04
1918,6.27E-04
1919,6.72E-04
1920,7.38E-04
1921,8.13E-04
1922,8.87E-04
1923,9.45E-04
1924,9.77E-04
1925,9.71E-04
1926,9.21E-04
1927,8.22E-04
1928,6.74E-04
1929,4.80E-04
1930,2.49E-04
1931,-6.42E-06
1932,-2.69E-04
1933,-5.19E-04
1934,-7.40E-04
1935,-9.16E-04
1936,-1.04E-03
1937,-1.10E-03
1938,-1.11E-03
1939,-1.07E-03
1940,-9.84E-04
1941,-8.79E-04
1942,-7.70E-04
1943,-6.76E-04
1944,-6.10E-04
1945,-5.74E-04
1946,-5.59E-04
1947,-5.48E-04
1948,-5.23E-04
1949,-4.69E-04
1950,-3.79E-04
1951,-2.55E-04
1952,-1.03E-04
1953,6.43E-05
1954,2.33E-04
1955,3.89E-04
1956,5.22E-04
1957,6.20E-04
1958,6.81E-04
1959,7.02E-04
1960,6.85E-04
1961,6.39E-04
1962,5.70E-04
1963,4.90E-04
1964,4.08E-04
1965,3.32E-04
1966,2.67E-04
1967,2.17E-04
1968,1.82E-04
1969,1.62E-04
1970,1.53E-04
1971,1.51E-04
1972,1.52E-04
1973,1.53E-04
1974,1.49E-04
1975,1.38E-04
1976,1.18E-04
1977,9.06E-05
1978,5.80E-05
1979,2.47E-05
1980,-3.48E-06
1981,-2.12E-05
1982,-2.44E-05
1983,-1.12E-05
1984,1.72E-05
1985,5.87E-05
1986,1.08E-04
1987,1.60E-04
1988,2.10E-04
1989,2.51E-04
1990,2.79E-04
1991,2.93E-04
1992,2.89E-04
1993,2.68E-04
1994,2.32E-04
1995,1.82E-04
1996,1.22E-04
1997,5.44E-05
1998,-1.55E-05
1999,-8.53E-05
2000,-1.52E-04
2001,-2.12E-04
2002,-2.63E-04
2003,-3.05E-04
2004,-3.36E-04
2005,-3.55E-04
2006,-3.64E-04
2007,-0.000364009
2008,-3.57E-04
2009,-3.48E-04
2010,-3.39E-04
2011,-3.35E-04
2012,-3.38E-04
2013,-3.49E-04
2014,-3.67E-04
2015,-3.90E-04
2016,-4.12E-04
2017,-4.30E-04
2018,-4.37E-04
2019,-4.29E-04
2020,-4.01E-04
2021,-3.53E-04
2022,-2.83E-04
2023,-1.94E-04
2024,-9.29E-05
2025,1.38E-05
2026,1.17E-04
2027,2.08E-04
2028,2.79E-04
2029,3.27E-04
2030,3.52E-04
2031,3.58E-04
2032,3.49E-04
2033,3.35E-04
2034,3.21E-04
2035,3.14E-04
2036,3.19E-04
2037,3.36E-04
2038,3.66E-04
2039,4.05E-04
2040,4.49E-04
2041,4.90E-04
2042,5.23E-04
2043,5.38E-04
2044,5.32E-04
2045,4.99E-04
2046,4.38E-04
2047,3.51E-04
2048,2.44E-04
2049,1.25E-04
2050,3.32E-06
2051,-1.09E-04
2052,-2.01E-04
2053,-2.64E-04
2054,-2.89E-04
2055,-2.74E-04
2056,-2.19E-04
2057,-1.31E-04
2058,-2.21E-05
2059,8.94E-05
2060,1.85E-04
2061,2.48E-04
2062,2.66E-04
2063,2.36E-04
2064,1.63E-04
2065,5.83E-05
2066,-6.51E-05
2067,-1.92E-04
2068,-3.09E-04
2069,-4.05E-04
2070,-4.71E-04
2071,-5.03E-04
2072,-5.00E-04
2073,-4.65E-04
2074,-4.05E-04
2075,-3.32E-04
2076,-2.64E-04
2077,-2.17E-04
2078,-2.06E-04
2079,-2.38E-04
2080,-3.10E-04
2081,-4.10E-04
2082,-5.16E-04
2083,-6.02E-04
2084,-6.44E-04
2085,-6.21E-04
2086,-5.24E-04
2087,-3.56E-04
2088,-1.33E-04
2089,1.17E-04
2090,3.62E-04
2091,5.70E-04
2092,7.17E-04
2093,7.90E-04
2094,7.87E-04
2095,7.18E-04
2096,5.99E-04
2097,4.49E-04
2098,2.91E-04
2099,1.43E-04
2100,2.60E-05
2101,-4.55E-05
2102,-5.96E-05
2103,-1.04E-05
2104,1.01E-04
2105,2.64E-04
2106,4.58E-04
2107,6.55E-04
2108,8.24E-04
2109,9.34E-04
2110,9.63E-04
2111,9.01E-04
2112,7.51E-04
2113,5.28E-04
2114,2.53E-04
2115,-4.71E-05
2116,-3.47E-04
2117,-6.20E-04
2118,-8.42E-04
2119,-9.91E-04
2120,-1.05E-03
2121,-1.01E-03
2122,-8.64E-04
2123,-6.46E-04
2124,-3.87E-04
2125,-1.36E-04
2126,5.72E-05
2127,1.58E-04
2128,1.53E-04
2129,5.65E-05
2130,-9.76E-05
2131,-2.64E-04
2132,-3.98E-04
2133,-4.65E-04
2134,-4.44E-04
2135,-3.31E-04
2136,-1.42E-04
2137,9.75E-05
2138,3.51E-04
2139,5.82E-04
2140,7.56E-04
2141,8.50E-04
2142,8.49E-04
2143,7.49E-04
2144,5.57E-04
2145,2.90E-04
2146,-2.92E-05
2147,-3.68E-04
2148,-6.89E-04
2149,-9.48E-04
2150,-1.10E-03
2151,-1.12E-03
2152,-9.84E-04
2153,-7.00E-04
2154,-3.09E-04
2155,1.17E-04
2156,4.96E-04
2157,7.56E-04
2158,8.50E-04
2159,7.68E-04
2160,5.28E-04
2161,1.73E-04
2162,-2.41E-04
2163,-6.55E-04
2164,-1.01E-03
2165,-1.24E-03
2166,-1.32E-03
2167,-1.21E-03
2168,-9.14E-04
2169,-4.63E-04
2170,8.85E-05
2171,6.66E-04
2172,1.19E-03
2173,1.60E-03
2174,1.84E-03
2175,1.92E-03
2176,1.84E-03
2177,1.63E-03
2178,1.35E-03
2179,1.02E-03
2180,6.81E-04
2181,3.69E-04
2182,1.02E-04
2183,-1.03E-04
2184,-2.36E-04
2185,-2.95E-04
2186,-2.85E-04
2187,-2.18E-04
2188,-1.13E-04
2189,8.22E-07
2190,9.16E-05
2191,1.23E-04
2192,6.37E-05
2193,-1.08E-04
2194,-3.96E-04
2195,-7.76E-04
2196,-1.19E-03
2197,-1.58E-03
2198,-1.83E-03
2199,-1.87E-03
2200,-1.65E-03
2201,-1.20E-03
2202,-5.89E-04
2203,5.16E-05
2204,6.02E-04
2205,9.75E-04
2206,1.14E-03
2207,1.10E-03
2208,9.02E-04
2209,5.92E-04
2210,2.26E-04
2211,-1.48E-04
2212,-4.83E-04
2213,-7.42E-04
2214,-8.93E-04
2215,-9.18E-04
2216,-8.05E-04
2217,-5.62E-04
2218,-2.11E-04
2219,2.04E-04
2220,6.29E-04
2221,1.00E-03
2222,1.26E-03
2223,1.37E-03
2224,1.30E-03
2225,1.07E-03
2226,7.16E-04
2227,2.76E-04
2228,-1.93E-04
2229,-6.37E-04
2230,-1.01E-03
2231,-1.26E-03
2232,-1.37E-03
2233,-1.32E-03
2234,-1.13E-03
2235,-8.09E-04
2236,-4.29E-04
2237,-5.39E-05
2238,2.48E-04
2239,4.27E-04
2240,4.68E-04
2241,3.86E-04
2242,2.28E-04
2243,5.44E-05
2244,-8.06E-05
2245,-1.34E-04
2246,-8.29E-05
2247,7.28E-05
2248,3.14E-04
2249,6.09E-04
2250,9.16E-04
2251,1.20E-03
2252,1.42E-03
2253,1.56E-03
2254,1.61E-03
2255,1.57E-03
2256,1.44E-03
2257,1.24E-03
2258,9.86E-04
2259,7.01E-04
2260,4.01E-04
2261,1.04E-04
2262,-1.75E-04
2263,-4.18E-04
2264,-6.14E-04
2265,-7.47E-04
2266,-8.08E-04
2267,-7.88E-04
2268,-6.92E-04
2269,-5.43E-04
2270,-3.79E-04
2271,-2.54E-04
2272,-2.20E-04
2273,-3.07E-04
2274,-5.10E-04
2275,-7.94E-04
2276,-1.10E-03
2277,-1.39E-03
2278,-1.59E-03
2279,-1.67E-03
2280,-1.60E-03
2281,-1.39E-03
2282,-1.04E-03
2283,-6.06E-04
2284,-1.46E-04
2285,2.75E-04
2286,6.00E-04
2287,8.00E-04
2288,8.72E-04
2289,8.40E-04
2290,7.39E-04
2291,6.10E-04
2292,4.84E-04
2293,3.87E-04
2294,3.31E-04
2295,3.20E-04
2296,3.51E-04
2297,4.16E-04
2298,5.03E-04
2299,5.98E-04
2300,6.87E-04
2301,7.54E-04
2302,7.84E-04
2303,7.66E-04
2304,6.91E-04
2305,5.56E-04
2306,3.61E-04
2307,1.18E-04
2308,-1.57E-04
2309,-4.41E-04
2310,-7.03E-04
2311,-9.13E-04
2312,-1.04E-03
2313,-1.05E-03
2314,-9.43E-04
2315,-7.17E-04
2316,-4.05E-04
2317,-5.72E-05
2318,2.69E-04
2319,5.22E-04
2320,6.77E-04
2321,7.29E-04
2322,7.01E-04
2323,6.21E-04
2324,5.21E-04
2325,4.29E-04
2326,3.61E-04
2327,3.31E-04
2328,3.40E-04
2329,3.89E-04
2330,4.73E-04
2331,5.81E-04
2332,7.03E-04
2333,8.27E-04
2334,9.38E-04
2335,1.02E-03
2336,1.06E-03
2337,1.05E-03
2338,9.79E-04
2339,8.41E-04
2340,6.41E-04
2341,3.88E-04
2342,9.61E-05
2343,-2.17E-04
2344,-5.31E-04
2345,-8.25E-04
2346,-1.08E-03
2347,-1.27E-03
2348,-1.38E-03
2349,-1.41E-03
2350,-1.36E-03
2351,-1.24E-03
2352,-1.09E-03
2353,-9.56E-04
2354,-8.71E-04
2355,-8.62E-04
2356,-9.28E-04
2357,-1.04E-03
2358,-1.16E-03
2359,-1.23E-03
2360,-1.21E-03
2361,-1.07E-03
2362,-8.15E-04
2363,-4.58E-04
2364,-4.30E-05
2365,3.84E-04
2366,7.78E-04
2367,1.11E-03
2368,1.35E-03
2369,1.50E-03
2370,1.57E-03
2371,1.56E-03
2372,1.50E-03
2373,1.40E-03
2374,1.27E-03
2375,1.13E-03
2376,9.89E-04
2377,8.52E-04
2378,7.30E-04
2379,6.27E-04
2380,5.47E-04
2381,4.89E-04
2382,4.53E-04
2383,4.36E-04
2384,4.32E-04
2385,4.33E-04
2386,4.25E-04
2387,3.97E-04
2388,3.34E-04
2389,2.26E-04
2390,6.64E-05
2391,-1.41E-04
2392,-3.87E-04
2393,-6.42E-04
2394,-8.78E-04
2395,-1.06E-03
2396,-1.15E-03
2397,-1.14E-03
2398,-1.01E-03
2399,-7.89E-04
2400,-5.13E-04
2401,-2.19E-04
2402,4.59E-05
2403,2.56E-04
2404,3.94E-04
2405,4.64E-04
2406,4.78E-04
2407,4.53E-04
2408,4.14E-04
2409,3.76E-04
2410,3.55E-04
2411,3.61E-04
2412,3.98E-04
2413,4.59E-04
2414,5.43E-04
2415,6.38E-04
2416,7.33E-04
2417,8.15E-04
2418,8.71E-04
2419,8.93E-04
2420,8.64E-04
2421,7.83E-04
2422,6.44E-04
2423,4.47E-04
2424,1.97E-04
2425,-9.79E-05
2426,-4.22E-04
2427,-7.53E-04
2428,-1.07E-03
2429,-1.34E-03
2430,-1.54E-03
2431,-1.64E-03
2432,-1.65E-03
2433,-1.56E-03
2434,-1.39E-03
2435,-1.20E-03
2436,-1.01E-03
2437,-8.49E-04
2438,-7.19E-04
2439,-6.11E-04
2440,-4.98E-04
2441,-3.57E-04
2442,-1.76E-04
2443,5.04E-05
2444,3.08E-04
2445,5.80E-04
2446,8.44E-04
2447,1.08E-03
2448,1.29E-03
2449,1.44E-03
2450,1.55E-03
2451,1.61E-03
2452,1.63E-03
2453,1.60E-03
2454,1.54E-03
2455,1.46E-03
2456,1.35E-03
2457,1.21E-03
2458,1.07E-03
2459,9.10E-04
2460,7.46E-04
2461,5.80E-04
2462,4.23E-04
2463,2.77E-04
2464,1.46E-04
2465,3.90E-05
2466,-4.49E-05
2467,-1.07E-04
2468,-1.53E-04
2469,-1.93E-04
2470,-2.41E-04
2471,-3.10E-04
2472,-4.11E-04
2473,-5.46E-04
2474,-7.06E-04
2475,-8.77E-04
2476,-1.03E-03
2477,-1.14E-03
2478,-1.18E-03
2479,-1.15E-03
2480,-1.03E-03
2481,-8.50E-04
2482,-6.18E-04
2483,-3.67E-04
2484,-1.24E-04
2485,9.15E-05
2486,2.67E-04
2487,3.99E-04
2488,4.93E-04
2489,5.58E-04
2490,6.05E-04
2491,6.44E-04
2492,6.80E-04
2493,7.18E-04
2494,7.57E-04
2495,7.96E-04
2496,8.31E-04
2497,8.57E-04
2498,8.69E-04
2499,8.61E-04
2500,8.28E-04
2501,7.69E-04
2502,6.80E-04
2503,5.61E-04
2504,4.12E-04
2505,2.38E-04
2506,4.16E-05
2507,-1.68E-04
2508,-3.83E-04
2509,-5.90E-04
2510,-7.76E-04
2511,-9.27E-04
2512,-1.03E-03
2513,-1.07E-03
2514,-1.04E-03
2515,-9.56E-04
2516,-8.27E-04
2517,-6.76E-04
2518,-5.28E-04
2519,-4.03E-04
2520,-3.09E-04
2521,-2.42E-04
2522,-1.90E-04
2523,-1.40E-04
2524,-7.79E-05
2525,3.17E-06
2526,1.05E-04
2527,2.26E-04
2528,3.59E-04
2529,4.94E-04
2530,6.22E-04
2531,7.34E-04
2532,8.22E-04
2533,8.79E-04
2534,9.04E-04
2535,8.92E-04
2536,8.46E-04
2537,7.68E-04
2538,6.63E-04
2539,5.36E-04
2540,3.95E-04
2541,2.47E-04
2542,1.00E-04
2543,-3.72E-05
2544,-1.59E-04
2545,-2.59E-04
2546,-3.33E-04
2547,-3.80E-04
2548,-4.00E-04
2549,-3.98E-04
2550,-3.81E-04
2551,-3.59E-04
2552,-3.41E-04
2553,-3.33E-04
2554,-3.39E-04
2555,-3.55E-04
2556,-3.74E-04
2557,-3.85E-04
2558,-3.76E-04
2559,-3.40E-04
2560,-2.71E-04
2561,-1.71E-04
2562,-4.53E-05
2563,9.52E-05
2564,2.39E-04
2565,3.73E-04
2566,4.86E-04
2567,5.70E-04
2568,6.19E-04
2569,6.33E-04
2570,6.14E-04
2571,5.68E-04
2572,4.99E-04
2573,4.17E-04
2574,3.29E-04
2575,2.40E-04
2576,1.57E-04
2577,8.36E-05
2578,2.24E-05
2579,-2.49E-05
2580,-5.92E-05
2581,-8.22E-05
2582,-9.75E-05
2583,-1.09E-04
2584,-1.23E-04
2585,-1.44E-04
2586,-1.76E-04
2587,-2.22E-04
2588,-2.80E-04
2589,-3.44E-04
2590,-4.04E-04
2591,-4.49E-04
2592,-4.69E-04
2593,-4.54E-04
2594,-4.01E-04
2595,-3.09E-04
2596,-1.86E-04
2597,-4.35E-05
2598,1.04E-04
2599,2.41E-04
2600,3.55E-04
2601,4.36E-04
2602,4.78E-04
2603,4.83E-04
2604,4.53E-04
2605,3.96E-04
2606,3.19E-04
2607,2.29E-04
2608,1.36E-04
2609,4.44E-05
2610,-3.97E-05
2611,-1.13E-04
2612,-1.72E-04
2613,-2.16E-04
2614,-2.45E-04
2615,-2.60E-04
2616,-2.66E-04
2617,-2.66E-04
2618,-2.67E-04
2619,-2.74E-04
2620,-2.92E-04
2621,-3.22E-04
2622,-3.58E-04
2623,-3.94E-04
2624,-4.17E-04
2625,-4.16E-04
2626,-3.83E-04
2627,-3.13E-04
2628,-2.07E-04
2629,-7.51E-05
2630,7.07E-05
2631,2.16E-04
2632,3.46E-04
2633,4.51E-04
2634,5.22E-04
2635,5.58E-04
2636,5.61E-04
2637,5.34E-04
2638,4.86E-04
2639,4.23E-04
2640,3.55E-04
2641,2.88E-04
2642,2.31E-04
2643,1.88E-04
2644,1.63E-04
2645,1.59E-04
2646,1.75E-04
2647,2.05E-04
2648,2.45E-04
2649,2.85E-04
2650,3.14E-04
2651,3.23E-04
2652,3.03E-04
2653,2.48E-04
2654,1.57E-04
2655,3.34E-05
2656,-1.14E-04
2657,-2.73E-04
2658,-4.29E-04
2659,-5.64E-04
2660,-6.63E-04
2661,-7.13E-04
2662,-7.05E-04
2663,-6.38E-04
2664,-5.19E-04
2665,-3.63E-04
2666,-1.91E-04
2667,-2.53E-05
2668,1.12E-04
2669,2.07E-04
2670,2.55E-04
2671,2.58E-04
2672,2.28E-04
2673,1.80E-04
2674,1.31E-04
2675,9.67E-05
2676,8.77E-05
2677,1.10E-04
2678,1.65E-04
2679,2.45E-04
2680,3.42E-04
2681,4.42E-04
2682,5.33E-04
2683,6.01E-04
2684,6.34E-04
2685,6.23E-04
2686,5.64E-04
2687,4.53E-04
2688,2.94E-04
2689,9.24E-05
2690,-1.39E-04
2691,-3.86E-04
2692,-6.28E-04
2693,-8.41E-04
2694,-9.98E-04
2695,-1.08E-03
2696,-1.06E-03
2697,-9.54E-04
2698,-7.58E-04
2699,-5.10E-04
2700,-2.53E-04
2701,-3.26E-05
2702,1.16E-04
2703,1.70E-04
2704,1.31E-04
2705,1.72E-05
2706,-1.40E-04
2707,-3.03E-04
2708,-4.36E-04
2709,-5.08E-04
2710,-4.99E-04
2711,-4.02E-04
2712,-2.25E-04
2713,1.64E-05
2714,2.94E-04
2715,5.79E-04
2716,8.39E-04
2717,1.05E-03
2718,1.19E-03
2719,1.25E-03
2720,1.22E-03
2721,1.11E-03
2722,9.25E-04
2723,6.77E-04
2724,3.88E-04
2725,8.27E-05
2726,-2.13E-04
2727,-4.69E-04
2728,-6.59E-04
2729,-7.57E-04
2730,-7.48E-04
2731,-6.29E-04
2732,-4.09E-04
2733,-1.20E-04
2734,1.97E-04
2735,4.93E-04
2736,7.21E-04
2737,8.46E-04
2738,8.50E-04
2739,7.36E-04
2740,5.22E-04
2741,2.42E-04
2742,-6.62E-05
2743,-3.58E-04
2744,-5.94E-04
2745,-7.41E-04
2746,-7.79E-04
2747,-7.01E-04
2748,-5.16E-04
2749,-2.48E-04
2750,6.57E-05
2751,3.83E-04
2752,6.61E-04
2753,8.59E-04
2754,9.51E-04
2755,9.22E-04
2756,7.68E-04
2757,5.03E-04
2758,1.51E-04
2759,-2.55E-04
2760,-6.67E-04
2761,-1.04E-03
2762,-0.001323122
2763,-1.47E-03
2764,-1.46E-03
2765,-1.29E-03
2766,-9.67E-04
2767,-5.56E-04
2768,-1.23E-04
2769,2.53E-04
2770,5.06E-04
2771,5.92E-04
2772,4.99E-04
2773,2.43E-04
2774,-1.28E-04
2775,-5.53E-04
2776,-9.56E-04
2777,-1.26E-03
2778,-0.001416459
2779,-1.37E-03
2780,-1.12E-03
2781,-6.91E-04
2782,-1.36E-04
2783,4.69E-04
2784,1.05E-03
2785,1.53E-03
2786,1.87E-03
2787,2.05E-03
2788,2.06E-03
2789,1.90E-03
2790,1.62E-03
2791,1.23E-03
2792,7.67E-04
2793,2.73E-04
2794,-2.15E-04
2795,-6.61E-04
2796,-1.02E-03
2797,-1.27E-03
2798,-1.37E-03
2799,-1.31E-03
2800,-1.09E-03
2801,-7.26E-04
2802,-2.68E-04
2803,2.21E-04
2804,6.63E-04
2805,9.91E-04
2806,1.15E-03
2807,1.12E-03
2808,9.25E-04
2809,5.98E-04
2810,1.99E-04
2811,-2.03E-04
2812,-5.48E-04
2813,-7.85E-04
2814,-8.82E-04
2815,-8.24E-04
2816,-6.24E-04
2817,-3.11E-04
2818,7.09E-05
2819,4.67E-04
2820,8.26E-04
2821,1.10E-03
2822,1.26E-03
2823,1.30E-03
2824,1.20E-03
2825,9.90E-04
2826,6.86E-04
2827,3.20E-04
2828,-7.39E-05
2829,-4.59E-04
2830,-8.00E-04
2831,-0.001060581
2832,-1.21E-03
2833,-1.23E-03
2834,-1.11E-03
2835,-8.75E-04
2836,-5.53E-04
2837,-2.10E-04
2838,8.18E-05
2839,2.56E-04
2840,2.68E-04
2841,1.06E-04
2842,-2.06E-04
2843,-6.21E-04
2844,-1.08E-03
2845,-1.50E-03
2846,-1.83E-03
2847,-2.01E-03
2848,-1.98E-03
2849,-1.73E-03
2850,-1.27E-03
2851,-6.66E-04
2852,-5.03E-06
2853,6.02E-04
2854,1.07E-03
2855,1.33E-03
2856,1.41E-03
2857,1.32E-03
2858,1.14E-03
2859,9.23E-04
2860,7.11E-04
2861,5.38E-04
2862,4.21E-04
2863,3.67E-04
2864,3.72E-04
2865,4.30E-04
2866,5.29E-04
2867,6.56E-04
2868,8.00E-04
2869,9.48E-04
2870,1.09E-03
2871,1.21E-03
2872,1.30E-03
2873,1.34E-03
2874,0.001329206
2875,1.25E-03
2876,1.10E-03
2877,8.78E-04
2878,5.87E-04
2879,2.46E-04
2880,-1.20E-04
2881,-4.81E-04
2882,-8.04E-04
2883,-1.06E-03
2884,-1.22E-03
2885,-1.28E-03
2886,-1.21E-03
2887,-1.01E-03
2888,-7.17E-04
2889,-3.55E-04
2890,1.30E-05
2891,3.22E-04
2892,5.18E-04
2893,5.75E-04
2894,5.01E-04
2895,3.28E-04
2896,1.02E-04
2897,-1.32E-04
2898,-3.37E-04
2899,-4.88E-04
2900,-5.70E-04
2901,-5.76E-04
2902,-5.06E-04
2903,-3.67E-04
2904,-1.71E-04
2905,6.54E-05
2906,3.17E-04
2907,5.55E-04
2908,7.45E-04
2909,8.56E-04
2910,8.62E-04
2911,7.53E-04
2912,5.31E-04
2913,2.15E-04
2914,-1.67E-04
2915,-5.82E-04
2916,-9.94E-04
2917,-1.37E-03
2918,-1.66E-03
2919,-1.84E-03
2920,-1.87E-03
2921,-1.72E-03
2922,-1.39E-03
2923,-9.22E-04
2924,-3.78E-04
2925,1.41E-04
2926,5.39E-04
2927,7.56E-04
2928,7.77E-04
2929,6.32E-04
2930,3.76E-04
2931,6.93E-05
2932,-2.32E-04
2933,-4.83E-04
2934,-6.52E-04
2935,-7.20E-04
2936,-6.75E-04
2937,-5.18E-04
2938,-2.61E-04
2939,7.16E-05
2940,4.52E-04
2941,8.42E-04
2942,1.20E-03
2943,1.50E-03
2944,1.70E-03
2945,1.80E-03
2946,1.78E-03
2947,1.65E-03
2948,1.43E-03
2949,1.15E-03
2950,8.27E-04
2951,4.95E-04
2952,1.77E-04
2953,-1.03E-04
2954,-3.28E-04
2955,-4.81E-04
2956,-5.51E-04
2957,-5.32E-04
2958,-4.25E-04
2959,-2.41E-04
2960,-2.09E-06
2961,2.58E-04
2962,5.00E-04
2963,6.78E-04
2964,7.57E-04
2965,7.17E-04
2966,5.56E-04
2967,2.93E-04
2968,-3.96E-05
2969,-4.00E-04
2970,-7.45E-04
2971,-1.03E-03
2972,-1.21E-03
2973,-1.27E-03
2974,-1.19E-03
2975,-9.59E-04
2976,-6.17E-04
2977,-2.08E-04
2978,2.07E-04
2979,5.63E-04
2980,8.06E-04
2981,9.03E-04
2982,8.44E-04
2983,6.40E-04
2984,3.20E-04
2985,-7.86E-05
2986,-5.15E-04
2987,-9.45E-04
2988,-1.32E-03
2989,-1.60E-03
2990,-1.75E-03
2991,-1.72E-03
2992,-1.51E-03
2993,-1.14E-03
2994,-6.39E-04
2995,-9.20E-05
2996,4.16E-04
2997,8.02E-04
2998,1.01E-03
2999,1.02E-03
3000,8.50E-04
3001,5.42E-04
3002,1.48E-04
3003,-2.75E-04
3004,-6.75E-04
3005,-1.00E-03
3006,-1.22E-03
3007,-1.31E-03
3008,-1.24E-03
3009,-1.03E-03
3010,-6.98E-04
3011,-2.75E-04
3012,1.82E-04
3013,6.17E-04
3014,9.76E-04
3015,1.22E-03
3016,1.32E-03
3017,1.28E-03
3018,1.12E-03
3019,8.63E-04
3020,5.61E-04
3021,2.49E-04
3022,-3.35E-05
3023,-2.55E-04
3024,-3.89E-04
3025,-4.23E-04
3026,-3.52E-04
3027,-1.85E-04
3028,5.75E-05
3029,3.48E-04
3030,6.53E-04
3031,9.34E-04
3032,1.16E-03
3033,1.30E-03
3034,1.35E-03
3035,1.29E-03
3036,1.15E-03
3037,9.22E-04
3038,6.45E-04
3039,3.42E-04
3040,4.21E-05
3041,-2.27E-04
3042,-4.39E-04
3043,-5.72E-04
3044,-6.10E-04
3045,-5.47E-04
3046,-3.87E-04
3047,-1.51E-04
3048,1.31E-04
3049,4.13E-04
3050,6.51E-04
3051,8.04E-04
3052,8.42E-04
3053,7.55E-04
3054,5.49E-04
3055,2.45E-04
3056,-1.29E-04
3057,-5.41E-04
3058,-9.56E-04
3059,-0.001340393
3060,-1.66E-03
3061,-1.87E-03
3062,-1.96E-03
3063,-1.89E-03
3064,-1.65E-03
3065,-1.29E-03
3066,-8.44E-04
3067,-4.00E-04
3068,-4.11E-05
3069,1.70E-04
3070,2.09E-04
3071,9.22E-05
3072,-1.33E-04
3073,-4.06E-04
3074,-6.67E-04
3075,-8.68E-04
3076,-9.72E-04
3077,-9.61E-04
3078,-8.29E-04
3079,-5.91E-04
3080,-2.72E-04
3081,9.19E-05
3082,4.60E-04
3083,7.94E-04
3084,1.06E-03
3085,1.23E-03
3086,1.30E-03
3087,1.26E-03
3088,1.13E-03
3089,9.26E-04
3090,6.71E-04
3091,3.91E-04
3092,1.14E-04
3093,-1.37E-04
3094,-3.39E-04
3095,-4.71E-04
3096,-5.19E-04
3097,-4.75E-04
3098,-3.40E-04
3099,-1.27E-04
3100,1.40E-04
3101,4.27E-04
3102,6.92E-04
3103,9.00E-04
3104,1.02E-03
3105,1.04E-03
3106,9.67E-04
3107,8.19E-04
3108,6.25E-04
3109,4.18E-04
3110,2.25E-04
3111,7.28E-05
3112,-2.36E-05
3113,-5.39E-05
3114,-1.55E-05
3115,8.79E-05
3116,2.46E-04
3117,4.42E-04
3118,6.57E-04
3119,8.66E-04
3120,1.04E-03
3121,1.17E-03
3122,1.21E-03
3123,1.18E-03
3124,1.05E-03
3125,8.52E-04
3126,5.86E-04
3127,2.78E-04
3128,-4.94E-05
3129,-3.74E-04
3130,-6.78E-04
3131,-9.44E-04
3132,-1.16E-03
3133,-1.31E-03
3134,-1.39E-03
3135,-1.39E-03
3136,-1.30E-03
3137,-1.13E-03
3138,-9.12E-04
3139,-6.87E-04
3140,-5.15E-04
3141,-4.45E-04
3142,-5.01E-04
3143,-6.74E-04
3144,-9.24E-04
3145,-1.20E-03
3146,-1.43E-03
3147,-1.58E-03
3148,-1.61E-03
3149,-1.49E-03
3150,-1.23E-03
3151,-8.42E-04
3152,-3.78E-04
3153,1.05E-04
3154,5.48E-04
3155,9.00E-04
3156,1.13E-03
3157,1.23E-03
3158,1.20E-03
3159,1.08E-03
3160,8.97E-04
3161,6.78E-04
3162,4.54E-04
3163,2.47E-04
3164,7.49E-05
3165,-4.94E-05
3166,-1.18E-04
3167,-1.26E-04
3168,-7.40E-05
3169,3.57E-05
3170,1.93E-04
3171,3.84E-04
3172,5.90E-04
3173,7.85E-04
3174,9.43E-04
3175,1.04E-03
3176,1.05E-03
3177,9.75E-04
3178,8.14E-04
3179,5.87E-04
3180,3.20E-04
3181,4.49E-05
3182,-2.07E-04
3183,-4.06E-04
3184,-5.30E-04
3185,-5.61E-04
3186,-4.92E-04
3187,-3.25E-04
3188,-7.40E-05
3189,2.34E-04
3190,5.64E-04
3191,8.74E-04
3192,1.12E-03
3193,1.28E-03
3194,1.33E-03
3195,1.27E-03
3196,1.12E-03
3197,8.99E-04
3198,6.41E-04
3199,3.71E-04
3200,1.11E-04
3201,-1.22E-04
3202,-3.15E-04
3203,-4.61E-04
3204,-5.55E-04
3205,-5.95E-04
3206,-5.78E-04
3207,-5.08E-04
3208,-3.91E-04
3209,-2.39E-04
3210,-7.74E-05
3211,6.19E-05
3212,1.41E-04
3213,1.26E-04
3214,-3.47E-06
3215,-2.48E-04
3216,-5.86E-04
3217,-9.81E-04
3218,-1.38E-03
3219,-1.74E-03
3220,-2.00E-03
3221,-2.10E-03
3222,-2.01E-03
3223,-1.73E-03
3224,-1.28E-03
3225,-7.24E-04
3226,-1.57E-04
3227,3.28E-04
3228,6.62E-04
3229,8.13E-04
3230,7.86E-04
3231,6.15E-04
3232,3.49E-04
3233,3.92E-05
3234,-2.64E-04
3235,-5.19E-04
3236,-6.92E-04
3237,-7.59E-04
3238,-7.11E-04
3239,-5.48E-04
3240,-2.86E-04
3241,4.87E-05
3242,4.23E-04
3243,7.94E-04
3244,1.12E-03
3245,1.38E-03
3246,1.52E-03
3247,1.55E-03
3248,1.45E-03
3249,1.24E-03
3250,9.34E-04
3251,5.63E-04
3252,1.58E-04
3253,-2.43E-04
3254,-6.01E-04
3255,-8.77E-04
3256,-1.04E-03
3257,-1.05E-03
3258,-8.98E-04
3259,-5.98E-04
3260,-1.78E-04
3261,3.08E-04
3262,7.90E-04
3263,1.20E-03
3264,1.49E-03
3265,1.62E-03
3266,1.60E-03
3267,1.45E-03
3268,1.20E-03
3269,8.85E-04
3270,5.45E-04
3271,2.12E-04
3272,-8.66E-05
3273,-3.30E-04
3274,-5.01E-04
3275,-5.90E-04
3276,-5.91E-04
3277,-5.07E-04
3278,-3.47E-04
3279,-1.29E-04
3280,1.21E-04
3281,3.68E-04
3282,5.74E-04
3283,7.01E-04
3284,7.18E-04
3285,6.07E-04
3286,3.68E-04
3287,1.84E-05
3288,-4.06E-04
3289,-8.56E-04
3290,-1.27E-03
3291,-1.59E-03
3292,-1.76E-03
3293,-1.74E-03
3294,-1.52E-03
3295,-1.12E-03
3296,-6.12E-04
3297,-8.61E-05
3298,3.65E-04
3299,6.68E-04
3300,7.83E-04
3301,7.09E-04
3302,4.71E-04
3303,1.17E-04
3304,-3.03E-04
3305,-7.29E-04
3306,-1.11E-03
3307,-1.39E-03
3308,-1.54E-03
3309,-1.52E-03
3310,-1.33E-03
3311,-9.86E-04
3312,-5.27E-04
3313,-1.50E-05
3314,4.74E-04
3315,8.71E-04
3316,1.12E-03
3317,1.19E-03
3318,1.08E-03
3319,8.24E-04
3320,4.57E-04
3321,3.40E-05
3322,-3.90E-04
3323,-7.61E-04
3324,-1.03E-03
3325,-1.17E-03
3326,-1.15E-03
3327,-9.64E-04
3328,-6.37E-04
3329,-2.07E-04
3330,2.74E-04
3331,7.40E-04
3332,1.14E-03
3333,1.41E-03
3334,1.55E-03
3335,1.55E-03
3336,1.43E-03
3337,1.22E-03
3338,9.62E-04
3339,6.93E-04
3340,4.47E-04
3341,2.48E-04
3342,1.17E-04
3343,5.98E-05
3344,7.96E-05
3345,1.70E-04
3346,3.17E-04
3347,5.01E-04
3348,7.01E-04
3349,8.90E-04
3350,1.04E-03
3351,1.14E-03
3352,1.16E-03
3353,0.001088644
3354,9.26E-04
3355,6.76E-04
3356,3.51E-04
3357,-3.07E-05
3358,-4.41E-04
3359,-8.50E-04
3360,-1.22E-03
3361,-1.52E-03
3362,-1.69E-03
3363,-1.71E-03
3364,-1.56E-03
3365,-1.24E-03
3366,-8.05E-04
3367,-3.34E-04
3368,7.25E-05
3369,3.32E-04
3370,4.03E-04
3371,2.92E-04
3372,4.64E-05
3373,-2.73E-04
3374,-6.03E-04
3375,-8.90E-04
3376,-1.09E-03
3377,-1.19E-03
3378,-1.15E-03
3379,-9.92E-04
3380,-7.20E-04
3381,-3.64E-04
3382,3.44E-05
3383,4.25E-04
3384,7.57E-04
3385,9.86E-04
3386,1.08E-03
3387,1.04E-03
3388,8.72E-04
3389,6.00E-04
3390,2.62E-04
3391,-9.90E-05
3392,-4.46E-04
3393,-7.43E-04
3394,-9.62E-04
3395,-1.08E-03
3396,-1.09E-03
3397,-9.77E-04
3398,-7.66E-04
3399,-4.81E-04
3400,-1.63E-04
3401,1.35E-04
3402,3.61E-04
3403,4.77E-04
3404,4.68E-04
3405,3.44E-04
3406,1.41E-04
3407,-8.86E-05
3408,-2.89E-04
3409,-4.11E-04
3410,-4.17E-04
3411,-2.88E-04
3412,-2.83E-05
3413,3.37E-04
3414,7.66E-04
3415,1.21E-03
3416,1.61E-03
3417,1.94E-03
3418,2.16E-03
3419,2.26E-03
3420,2.25E-03
3421,2.14E-03
3422,1.95E-03
3423,1.71E-03
3424,1.43E-03
3425,1.12E-03
3426,8.20E-04
3427,5.24E-04
3428,2.44E-04
3429,-1.42E-05
3430,-2.48E-04
3431,-4.61E-04
3432,-6.52E-04
3433,-8.25E-04
3434,-9.78E-04
3435,-1.10E-03
3436,-1.18E-03
3437,-1.19E-03
3438,-1.10E-03
3439,-9.00E-04
3440,-6.27E-04
3441,-3.51E-04
3442,-1.63E-04
3443,-1.43E-04
3444,-3.22E-04
3445,-6.78E-04
3446,-1.15E-03
3447,-1.64E-03
3448,-2.06E-03
3449,-2.30E-03
3450,-2.31E-03
3451,-2.05E-03
3452,-1.54E-03
3453,-8.52E-04
3454,-6.43E-05
3455,7.20E-04
3456,1.41E-03
3457,1.95E-03
3458,2.30E-03
3459,2.45E-03
3460,2.41E-03
3461,2.19E-03
3462,1.83E-03
3463,1.36E-03
3464,8.16E-04
3465,2.44E-04
3466,-3.14E-04
3467,-8.12E-04
3468,-1.22E-03
3469,-1.48E-03
3470,-1.59E-03
3471,-1.53E-03
3472,-1.29E-03
3473,-9.03E-04
3474,-4.02E-04
3475,1.52E-04
3476,6.88E-04
3477,1.13E-03
3478,1.40E-03
3479,1.44E-03
3480,1.21E-03
3481,7.27E-04
3482,1.48E-05
3483,-8.36E-04
3484,-1.70E-03
3485,-2.41E-03
3486,-2.82E-03
3487,-2.81E-03
3488,-2.32E-03
3489,-1.42E-03
3490,-2.43E-04
3491,1.01E-03
3492,2.16E-03
3493,3.09E-03
3494,3.72E-03
3495,4.05E-03
3496,4.10E-03
3497,3.94E-03
3498,3.59E-03
3499,3.12E-03
3500,2.56E-03
3501,1.95E-03
3502,1.32E-03
3503,7.01E-04
3504,1.11E-04
3505,-4.29E-04
3506,-8.96E-04
3507,-1.27E-03
3508,-1.55E-03
3509,-1.71E-03
3510,-1.73E-03
3511,-1.63E-03
3512,-1.39E-03
3513,-1.04E-03
3514,-6.18E-04
3515,-1.92E-04
3516,1.56E-04
3517,3.30E-04
3518,2.50E-04
3519,-1.22E-04
3520,-7.50E-04
3521,-1.51E-03
3522,-2.21E-03
3523,-2.66E-03
3524,-2.72E-03
3525,-2.36E-03
3526,-1.65E-03
3527,-7.61E-04
3528,1.07E-04
3529,7.28E-04
3530,9.51E-04
3531,6.94E-04
3532,-1.40E-05
3533,-1.02E-03
3534,-2.10E-03
3535,-3.00E-03
3536,-3.49E-03
3537,-3.43E-03
3538,-2.78E-03
3539,-1.60E-03
3540,-3.70E-05
3541,1.73E-03
3542,3.50E-03
3543,5.10E-03
3544,6.37E-03
3545,7.22E-03
3546,7.59E-03
3547,7.48E-03
3548,6.91E-03
3549,5.94E-03
3550,4.64E-03
3551,3.09E-03
3552,1.37E-03
3553,-4.22E-04
3554,-2.19E-03
3555,-3.82E-03
3556,-5.21E-03
3557,-6.24E-03
3558,-6.78E-03
3559,-6.75E-03
3560,-6.09E-03
3561,-4.78E-03
3562,-2.93E-03
3563,-7.05E-04
3564,1.63E-03
3565,3.71E-03
3566,5.23E-03
3567,5.91E-03
3568,5.61E-03
3569,4.36E-03
3570,2.36E-03
3571,-9.31E-05
3572,-2.65E-03
3573,-4.94E-03
3574,-6.62E-03
3575,-7.41E-03
3576,-7.23E-03
3577,-6.11E-03
3578,-4.24E-03
3579,-1.88E-03
3580,6.68E-04
3581,3.15E-03
3582,5.32E-03
3583,7.03E-03
3584,8.17E-03
3585,8.71E-03
3586,8.66E-03
3587,8.11E-03
3588,7.14E-03
3589,5.89E-03
3590,4.49E-03
3591,3.06E-03
3592,1.73E-03
3593,5.88E-04
3594,-3.05E-04
3595,-9.16E-04
3596,-1.25E-03
3597,-1.37E-03
3598,-1.35E-03
3599,-1.31E-03
3600,-1.38E-03
3601,-1.65E-03
3602,-2.16E-03
3603,-2.88E-03
3604,-3.62E-03
3605,-4.12E-03
3606,-4.11E-03
3607,-3.34E-03
3608,-1.78E-03
3609,4.06E-04
3610,2.85E-03
3611,5.05E-03
3612,6.50E-03
3613,6.80E-03
3614,5.75E-03
3615,3.42E-03
3616,9.88E-05
3617,-3.71E-03
3618,-7.45E-03
3619,-1.06E-02
3620,-1.26E-02
3621,-1.32E-02
3622,-1.24E-02
3623,-1.02E-02
3624,-6.93E-03
3625,-2.85E-03
3626,1.61E-03
3627,6.07E-03
3628,1.02E-02
3629,1.37E-02
3630,1.63E-02
3631,1.78E-02
3632,1.79E-02
3633,1.68E-02
3634,1.43E-02
3635,1.06E-02
3636,5.90E-03
3637,5.64E-04
3638,-4.99E-03
3639,-1.03E-02
3640,-1.48E-02
3641,-0.018147612
3642,-1.98E-02
3643,-1.95E-02
3644,-1.74E-02
3645,-1.35E-02
3646,-8.38E-03
3647,-2.62E-03
3648,3.10E-03
3649,8.14E-03
3650,1.19E-02
3651,1.41E-02
3652,1.44E-02
3653,1.30E-02
3654,1.01E-02
3655,5.94E-03
3656,1.23E-03
3657,-3.44E-03
3658,-7.51E-03
3659,-1.04E-02
3660,-1.20E-02
3661,-0.011929034
3662,-1.05E-02
3663,-7.91E-03
3664,-4.63E-03
3665,-1.06E-03
3666,2.36E-03
3667,5.32E-03
3668,7.58E-03
3669,8.98E-03
3670,9.48E-03
3671,9.08E-03
3672,7.85E-03
3673,5.90E-03
3674,3.43E-03
3675,6.54E-04
3676,-2.13E-03
3677,-4.61E-03
3678,-6.47E-03
3679,-7.45E-03
3680,-7.41E-03
3681,-6.38E-03
3682,-4.58E-03
3683,-2.41E-03
3684,-3.58E-04
3685,1.15E-03
3686,1.85E-03
3687,1.73E-03
3688,9.88E-04
3689,-3.35E-05
3690,-9.81E-04
3691,-1.58E-03
3692,-1.69E-03
3693,-1.29E-03
3694,-4.85E-04
3695,5.43E-04
3696,1.58E-03
3697,2.40E-03
3698,2.83E-03
3699,2.73E-03
3700,2.06E-03
3701,8.65E-04
3702,-7.17E-04
3703,-2.47E-03
3704,-4.11E-03
3705,-5.36E-03
3706,-5.95E-03
3707,-5.70E-03
3708,-4.58E-03
3709,-2.67E-03
3710,-1.53E-04
3711,2.67E-03
3712,5.49E-03
3713,7.96E-03
3714,9.81E-03
3715,0.01082421
3716,1.09E-02
3717,1.00E-02
3718,8.26E-03
3719,5.75E-03
3720,2.72E-03
3721,-6.32E-04
3722,-4.05E-03
3723,-7.28E-03
3724,-0.01001502
3725,-1.20E-02
3726,-1.31E-02
3727,-1.29E-02
3728,-1.15E-02
3729,-8.88E-03
3730,-5.17E-03
3731,-6.80E-04
3732,4.16E-03
3733,8.81E-03
3734,1.27E-02
3735,0.015358567
3736,1.64E-02
3737,1.56E-02
3738,1.30E-02
3739,8.93E-03
3740,3.81E-03
3741,-1.84E-03
3742,-7.45E-03
3743,-1.24E-02
3744,-1.62E-02
3745,-1.84E-02
3746,-1.88E-02
3747,-1.72E-02
3748,-1.37E-02
3749,-8.68E-03
3750,-2.68E-03
3751,3.66E-03
3752,9.65E-03
3753,1.46E-02
3754,1.77E-02
3755,1.88E-02
3756,1.77E-02
3757,1.45E-02
3758,9.71E-03
3759,4.12E-03
3760,-1.48E-03
3761,-6.32E-03
3762,-9.82E-03
3763,-1.15E-02
3764,-1.14E-02
3765,-9.64E-03
3766,-6.63E-03
3767,-3.01E-03
3768,5.46E-04
3769,3.43E-03
3770,5.25E-03
3771,5.88E-03
3772,5.39E-03
3773,4.09E-03
3774,2.32E-03
3775,4.71E-04
3776,-1.16E-03
3777,-2.39E-03
3778,-3.11E-03
3779,-3.31E-03
3780,-3.08E-03
3781,-2.52E-03
3782,-1.78E-03
3783,-9.92E-04
3784,-2.88E-04
3785,2.49E-04
3786,5.84E-04
3787,7.30E-04
3788,7.45E-04
3789,7.15E-04
3790,7.33E-04
3791,8.74E-04
3792,1.18E-03
3793,1.66E-03
3794,2.28E-03
3795,2.97E-03
3796,3.65E-03
3797,4.22E-03
3798,4.61E-03
3799,4.74E-03
3800,4.57E-03
3801,4.08E-03
3802,3.26E-03
3803,2.17E-03
3804,8.51E-04
3805,-6.02E-04
3806,-2.09E-03
3807,-3.51E-03
3808,-4.76E-03
3809,-5.69E-03
3810,-6.22E-03
3811,-6.28E-03
3812,-5.84E-03
3813,-4.88E-03
3814,-3.46E-03
3815,-1.67E-03
3816,3.49E-04
3817,2.42E-03
3818,4.36E-03
3819,5.97E-03
3820,7.06E-03
3821,7.45E-03
3822,7.04E-03
3823,5.80E-03
3824,3.77E-03
3825,1.15E-03
3826,-1.78E-03
3827,-4.64E-03
3828,-7.01E-03
3829,-8.51E-03
3830,-8.86E-03
3831,-7.96E-03
3832,-5.91E-03
3833,-3.02E-03
3834,2.62E-04
3835,3.43E-03
3836,5.98E-03
3837,7.54E-03
3838,7.86E-03
3839,6.88E-03
3840,4.73E-03
3841,1.74E-03
3842,-1.65E-03
3843,-4.93E-03
3844,-7.63E-03
3845,-9.35E-03
3846,-9.86E-03
3847,-9.11E-03
3848,-0.007204654
3849,-4.45E-03
3850,-1.18E-03
3851,2.16E-03
3852,5.19E-03
3853,7.53E-03
3854,8.90E-03
3855,9.10E-03
3856,8.09E-03
3857,5.89E-03
3858,2.76E-03
3859,-9.40E-04
3860,-4.72E-03
3861,-8.05E-03
3862,-1.04E-02
3863,-1.14E-02
3864,-1.07E-02
3865,-8.63E-03
3866,-5.32E-03
3867,-1.32E-03
3868,2.78E-03
3869,6.38E-03
3870,9.02E-03
3871,1.04E-02
3872,1.04E-02
3873,9.01E-03
3874,6.53E-03
3875,3.31E-03
3876,-2.49E-04
3877,-3.73E-03
3878,-6.78E-03
3879,-9.10E-03
3880,-1.05E-02
3881,-1.10E-02
3882,-1.06E-02
3883,-9.34E-03
3884,-7.46E-03
3885,-5.15E-03
3886,-2.56E-03
3887,1.31E-04
3888,2.76E-03
3889,5.22E-03
3890,7.43E-03
3891,9.27E-03
3892,1.07E-02
3893,1.17E-02
3894,1.21E-02
3895,1.20E-02
3896,0.011322383
3897,1.00E-02
3898,8.17E-03
3899,5.78E-03
3900,3.02E-03
3901,-2.40E-06
3902,-2.98E-03
3903,-5.67E-03
3904,-7.76E-03
3905,-8.97E-03
3906,-9.10E-03
3907,-8.11E-03
3908,-6.13E-03
3909,-3.48E-03
3910,-6.29E-04
3911,1.93E-03
3912,3.74E-03
3913,4.57E-03
3914,4.34E-03
3915,3.20E-03
3916,1.47E-03
3917,-4.45E-04
3918,-2.18E-03
3919,-3.42E-03
3920,-3.99E-03
3921,-3.88E-03
3922,-3.18E-03
3923,-2.13E-03
3924,-9.48E-04
3925,1.30E-04
3926,9.40E-04
3927,1.41E-03
3928,1.53E-03
3929,1.35E-03
3930,9.90E-04
3931,5.42E-04
3932,1.11E-04
3933,-2.16E-04
3934,-3.82E-04
3935,-3.60E-04
3936,-1.52E-04
3937,2.13E-04
3938,6.77E-04
3939,1.16E-03
3940,1.58E-03
3941,1.85E-03
3942,1.89E-03
3943,1.64E-03
3944,1.07E-03
3945,1.97E-04
3946,-8.93E-04
3947,-2.08E-03
3948,-3.17E-03
3949,-3.97E-03
3950,-4.28E-03
3951,-3.97E-03
3952,-3.01E-03
3953,-1.50E-03
3954,3.61E-04
3955,2.24E-03
3956,3.83E-03
3957,4.83E-03
3958,5.05E-03
3959,4.41E-03
3960,2.99E-03
3961,9.60E-04
3962,-1.40E-03
3963,-3.78E-03
3964,-5.87E-03
3965,-7.44E-03
3966,-8.30E-03
3967,-8.37E-03
3968,-7.69E-03
3969,-6.31E-03
3970,-4.37E-03
3971,-2.04E-03
3972,5.39E-04
3973,3.14E-03
3974,5.66E-03
3975,7.96E-03
3976,9.93E-03
3977,1.15E-02
3978,1.25E-02
3979,1.30E-02
3980,1.30E-02
3981,1.24E-02
3982,1.13E-02
3983,9.80E-03
3984,7.95E-03
3985,5.93E-03
3986,3.89E-03
3987,2.00E-03
3988,4.52E-04
3989,-6.43E-04
3990,-1.22E-03
3991,-1.29E-03
3992,-9.78E-04
3993,-4.90E-04
3994,-9.89E-05
3995,-8.19E-05
3996,-6.36E-04
3997,-1.81E-03
3998,-3.43E-03
3999,-5.13E-03
4000,-6.40E-03
4001,-6.72E-03
4002,-5.70E-03
4003,-3.23E-03
4004,4.60E-04
4005,4.80E-03
4006,9.05E-03
4007,1.24E-02
4008,0.014151432
4009,1.38E-02
4010,1.13E-02
4011,6.80E-03
4012,8.18E-04
4013,-5.95E-03
4014,-1.26E-02
4015,-1.84E-02
4016,-2.25E-02
4017,-2.44E-02
4018,-2.38E-02
4019,-2.07E-02
4020,-1.54E-02
4021,-8.39E-03
4022,-4.06E-04
4023,7.73E-03
4024,1.50E-02
4025,2.06E-02
4026,2.37E-02
4027,2.37E-02
4028,2.05E-02
4029,1.42E-02
4030,5.42E-03
4031,-4.58E-03
4032,-1.45E-02
4033,-2.27E-02
4034,-2.80E-02
4035,-2.93E-02
4036,-0.026497433
4037,-1.98E-02
4038,-1.00E-02
4039,1.40E-03
4040,1.30E-02
4041,2.33E-02
4042,3.09E-02
4043,3.48E-02
4044,3.47E-02
4045,0.030447569
4046,2.26E-02
4047,1.20E-02
4048,-2.18E-04
4049,-1.26E-02
4050,-2.41E-02
4051,-3.33E-02
4052,-3.96E-02
4053,-4.24E-02
4054,-4.16E-02
4055,-3.73E-02
4056,-3.00E-02
4057,-2.05E-02
4058,-9.45E-03
4059,2.26E-03
4060,1.38E-02
4061,2.43E-02
4062,3.31E-02
4063,3.95E-02
4064,4.31E-02
4065,4.33E-02
4066,4.01E-02
4067,3.36E-02
4068,2.40E-02
4069,1.21E-02
4070,-1.30E-03
4071,-1.48E-02
4072,-2.72E-02
4073,-3.70E-02
4074,-4.29E-02
4075,-4.41E-02
4076,-4.03E-02
4077,-3.19E-02
4078,-1.98E-02
4079,-5.48E-03
4080,9.26E-03
4081,2.27E-02
4082,3.34E-02
4083,4.00E-02
4084,4.20E-02
4085,3.91E-02
4086,3.18E-02
4087,2.10E-02
4088,8.07E-03
4089,-5.53E-03
4090,-1.82E-02
4091,-0.02854749
4092,-3.54E-02
4093,-0.038141843
4094,-3.65E-02
4095,-3.10E-02
4096,-2.24E-02
4097,-1.18E-02
4098,-7.04E-04
4099,9.59E-03
4100,1.78E-02
4101,2.32E-02
4102,2.50E-02
4103,2.32E-02
4104,1.81E-02
4105,0.010577131
4106,1.74E-03
4107,-7.05E-03
4108,-1.44E-02
4109,-1.93E-02
4110,-2.10E-02
4111,-1.94E-02
4112,-1.51E-02
4113,-8.78E-03
4114,-1.80E-03
4115,4.76E-03
4116,9.94E-03
4117,1.31E-02
4118,1.41E-02
4119,1.28E-02
4120,9.80E-03
4121,5.57E-03
4122,8.35E-04
4123,-3.74E-03
4124,-7.55E-03
4125,-1.02E-02
4126,-1.14E-02
4127,-1.12E-02
4128,-9.71E-03
4129,-7.34E-03
4130,-4.45E-03
4131,-1.44E-03
4132,1.34E-03
4133,3.64E-03
4134,5.32E-03
4135,6.31E-03
4136,6.66E-03
4137,6.43E-03
4138,5.76E-03
4139,4.77E-03
4140,3.61E-03
4141,2.42E-03
4142,1.31E-03
4143,3.99E-04
4144,-2.46E-04
4145,-5.69E-04
4146,-5.54E-04
4147,-2.27E-04
4148,3.44E-04
4149,1.05E-03
4150,1.73E-03
4151,2.22E-03
4152,2.34E-03
4153,1.96E-03
4154,9.92E-04
4155,-5.20E-04
4156,-2.44E-03
4157,-4.51E-03
4158,-6.35E-03
4159,-7.61E-03
4160,-7.97E-03
4161,-7.23E-03
4162,-5.39E-03
4163,-2.61E-03
4164,8.17E-04
4165,4.46E-03
4166,7.91E-03
4167,1.07E-02
4168,1.26E-02
4169,1.33E-02
4170,1.27E-02
4171,1.10E-02
4172,8.11E-03
4173,4.45E-03
4174,2.44E-04
4175,-4.14E-03
4176,-8.34E-03
4177,-1.20E-02
4178,-1.46E-02
4179,-1.60E-02
4180,-1.60E-02
4181,-1.43E-02
4182,-1.11E-02
4183,-6.44E-03
4184,-9.43E-04
4185,4.89E-03
4186,0.010374604
4187,0.01467825
4188,1.71E-02
4189,1.73E-02
4190,1.49E-02
4191,1.03E-02
4192,3.91E-03
4193,-3.21E-03
4194,-1.01E-02
4195,-1.54E-02
4196,-1.84E-02
4197,-1.82E-02
4198,-1.50E-02
4199,-9.01E-03
4200,-1.51E-03
4201,6.28E-03
4202,1.27E-02
4203,1.68E-02
4204,1.77E-02
4205,1.54E-02
4206,1.03E-02
4207,3.28E-03
4208,-4.46E-03
4209,-1.18E-02
4210,-1.78E-02
4211,-0.021654874
4212,-2.30E-02
4213,-0.02167774
4214,-1.79E-02
4215,-1.21E-02
4216,-4.81E-03
4217,3.28E-03
4218,1.14E-02
4219,1.89E-02
4220,2.53E-02
4221,3.00E-02
4222,3.28E-02
4223,0.033446517
4224,3.20E-02
4225,0.02865658
4226,2.37E-02
4227,1.74E-02
4228,1.03E-02
4229,2.89E-03
4230,-4.41E-03
4231,-1.12E-02
4232,-1.71E-02
4233,-2.18E-02
4234,-2.50E-02
4235,-2.66E-02
4236,-2.65E-02
4237,-2.47E-02
4238,-2.13E-02
4239,-1.65E-02
4240,-1.07E-02
4241,-4.18E-03
4242,2.56E-03
4243,9.04E-03
4244,1.48E-02
4245,1.93E-02
4246,2.24E-02
4247,0.023558896
4248,2.29E-02
4249,2.05E-02
4250,1.66E-02
4251,1.16E-02
4252,5.99E-03
4253,3.66E-04
4254,-4.76E-03
4255,-9.00E-03
4256,-1.20E-02
4257,-1.35E-02
4258,-1.37E-02
4259,-1.26E-02
4260,-1.03E-02
4261,-7.41E-03
4262,-4.11E-03
4263,-8.53E-04
4264,2.03E-03
4265,4.25E-03
4266,5.62E-03
4267,6.11E-03
4268,5.74E-03
4269,4.68E-03
4270,3.17E-03
4271,1.47E-03
4272,-1.10E-04
4273,-1.39E-03
4274,-2.22E-03
4275,-2.57E-03
4276,-2.50E-03
4277,-2.21E-03
4278,-1.89E-03
4279,-1.75E-03
4280,-1.93E-03
4281,-2.42E-03
4282,-3.10E-03
4283,-3.72E-03
4284,-4.00E-03
4285,-3.65E-03
4286,-2.59E-03
4287,-8.86E-04
4288,1.17E-03
4289,3.18E-03
4290,4.67E-03
4291,5.22E-03
4292,4.58E-03
4293,2.73E-03
4294,-1.93E-04
4295,-3.79E-03
4296,-7.55E-03
4297,-1.10E-02
4298,-1.36E-02
4299,-1.50E-02
4300,-1.49E-02
4301,-1.34E-02
4302,-1.06E-02
4303,-6.63E-03
4304,-1.89E-03
4305,3.27E-03
4306,8.49E-03
4307,0.013415159
4308,1.78E-02
4309,2.13E-02
4310,2.40E-02
4311,2.55E-02
4312,2.60E-02
4313,2.55E-02
4314,0.023989599
4315,2.18E-02
4316,1.86E-02
4317,1.52E-02
4318,1.11E-02
4319,6.86E-03
4320,2.57E-03
4321,-1.79E-03
4322,-5.99E-03
4323,-1.00E-02
4324,-1.36E-02
4325,-1.66E-02
4326,-1.90E-02
4327,-2.07E-02
4328,-2.18E-02
4329,-2.18E-02
4330,-2.10E-02
4331,-1.94E-02
4332,-1.70E-02
4333,-1.40E-02
4334,-1.06E-02
4335,-7.06E-03
4336,-3.70E-03
4337,-8.31E-04
4338,1.15E-03
4339,2.09E-03
4340,1.80E-03
4341,3.47E-04
4342,-2.03E-03
4343,-4.95E-03
4344,-7.91E-03
4345,-1.03E-02
4346,-1.16E-02
4347,-1.14E-02
4348,-9.30E-03
4349,-5.41E-03
4350,-8.02E-05
4351,6.07E-03
4352,1.22E-02
4353,1.73E-02
4354,2.04E-02
4355,2.09E-02
4356,1.82E-02
4357,1.23E-02
4358,4.10E-03
4359,-5.47E-03
4360,-1.49E-02
4361,-2.24E-02
4362,-2.64E-02
4363,-2.62E-02
4364,-2.12E-02
4365,-1.23E-02
4366,-9.61E-04
4367,1.06E-02
4368,2.04E-02
4369,2.66E-02
4370,2.76E-02
4371,2.33E-02
4372,1.34E-02
4373,2.77E-04
4374,-1.40E-02
4375,-2.67E-02
4376,-0.035389133
4377,-3.75E-02
4378,-3.21E-02
4379,-1.96E-02
4380,-1.26E-03
4381,2.04E-02
4382,4.24E-02
4383,6.15E-02
4384,0.074515738
4385,7.94E-02
4386,7.52E-02
4387,6.20E-02
4388,4.21E-02
4389,1.81E-02
4390,-9.86E-03
4391,-3.90E-02
4392,-6.66E-02
4393,-9.02E-02
4394,-0.108297989
4395,-0.11836867
4396,-0.120939277
4397,-0.115531906
4398,-0.104335196
4399,-9.37E-02
4400,-8.07E-02
4401,-0.066032775
4402,-4.99E-02
4403,-3.35E-02
4404,-1.63E-02
4405,-2.24E-04
4406,1.52E-02
4407,2.99E-02
4408,4.47E-02
4409,5.61E-02
4410,0.069166973
4411,8.07E-02
4412,9.10E-02
4413,9.91E-02
4414,0.106506556
4415,0.111651398
4416,0.113298327
4417,0.112227157
4418,0.109498605
4419,0.106202289
4420,9.81E-02
4421,8.62E-02
4422,0.071293518
4423,5.30E-02
4424,3.31E-02
4425,1.21E-02
4426,-7.95E-03
4427,-2.52E-02
4428,-4.04E-02
4429,-5.36E-02
4430,-6.37E-02
4431,-7.04E-02
4432,-7.21E-02
4433,-6.99E-02
4434,-6.32E-02
4435,-5.28E-02
4436,-3.98E-02
4437,-2.53E-02
4438,-1.23E-02
4439,-6.47E-04
4440,8.72E-03
4441,1.49E-02
4442,1.72E-02
4443,0.0157438
4444,1.15E-02
4445,5.86E-03
4446,9.22E-04
4447,-1.47E-03
4448,-3.87E-04
4449,4.46E-03
4450,1.20E-02
4451,0.020344129
4452,2.63E-02
4453,2.68E-02
4454,2.03E-02
4455,6.88E-03
4456,-1.11E-02
4457,-3.12E-02
4458,-5.05E-02
4459,-6.35E-02
4460,-6.58E-02
4461,-5.61E-02
4462,-3.46E-02
4463,-6.14E-03
4464,2.35E-02
4465,4.84E-02
4466,6.47E-02
4467,6.80E-02
4468,5.54E-02
4469,2.78E-02
4470,-8.93E-03
4471,-4.79E-02
4472,-8.24E-02
4473,-0.107711338
4474,-0.120429419
4475,-0.118035272
4476,-0.101211615
4477,-7.30E-02
4478,-3.81E-02
4479,-3.35E-03
4480,2.76E-02
4481,0.054386344
4482,7.40E-02
4483,8.35E-02
4484,0.083956316
4485,7.81E-02
4486,6.94E-02
4487,5.79E-02
4488,4.73E-02
4489,0.036831722
4490,2.42E-02
4491,1.77E-02
4492,1.38E-02
4493,0.012689171
4494,0.014158315
4495,0.01549355
4496,0.021457227
4497,2.87E-02
4498,3.80E-02
4499,4.69E-02
4500,5.41E-02
4501,6.39E-02
4502,7.40E-02
4503,0.080762081
4504,8.28E-02
4505,8.53E-02
4506,8.73E-02
4507,8.44E-02
4508,7.51E-02
4509,6.75E-02
4510,6.03E-02
4511,4.86E-02
4512,3.42E-02
4513,2.46E-02
4514,1.42E-02
4515,4.03E-03
4516,-4.33E-03
4517,-1.05E-02
4518,-1.37E-02
4519,-0.013308517
4520,-9.25E-03
4521,-8.79E-04
4522,1.14E-02
4523,0.026965881
4524,4.87E-02
4525,7.09E-02
4526,8.89E-02
4527,0.105095506
4528,0.117738642
4529,0.118369475
4530,0.108911693
4531,9.07E-02
4532,6.45E-02
4533,3.39E-02
4534,5.79E-03
4535,-0.015429238
4536,-0.028317217
4537,-2.72E-02
4538,-1.17E-02
4539,1.49E-02
4540,4.06E-02
4541,5.22E-02
4542,4.27E-02
4543,1.03E-02
4544,-3.46E-02
4545,-8.13E-02
4546,-0.11401251
4547,-0.118837208
4548,-0.093305267
4549,-4.76E-02
4550,0.013697331
4551,7.56E-02
4552,0.121330991
4553,0.139198512
4554,0.134661257
4555,0.103208773
4556,5.48E-02
4557,5.81E-03
4558,-0.031128267
4559,-5.36E-02
4560,-0.05833035
4561,-4.86E-02
4562,-0.029949926
4563,-0.013185547
4564,3.27E-04
4565,8.29E-03
4566,9.16E-03
4567,3.49E-03
4568,-6.21E-03
4569,-1.53E-02
4570,-2.05E-02
4571,-1.98E-02
4572,-0.013317215
4573,-2.85E-03
4574,1.30E-02
4575,3.39E-02
4576,5.56E-02
4577,7.34E-02
4578,9.06E-02
4579,0.106826723
4580,0.116607875
4581,0.117767721
4582,0.113199078
4583,0.112272516
4584,0.106772184
4585,9.78E-02
4586,8.41E-02
4587,7.48E-02
4588,6.86E-02
4589,6.40E-02
4590,5.71E-02
4591,5.15E-02
4592,4.76E-02
4593,4.45E-02
4594,4.52E-02
4595,0.044142097
4596,4.25E-02
4597,4.04E-02
4598,3.31E-02
4599,0.030011561
4600,2.57E-02
4601,1.97E-02
4602,1.04E-02
4603,-2.89E-03
4604,-1.49E-02
4605,-2.88E-02
4606,-4.25E-02
4607,-5.68E-02
4608,-6.98E-02
4609,-0.082951583
4610,-9.43E-02
4611,-0.101181462
4612,-0.10570588
4613,-0.103787556
4614,-9.99E-02
4615,-9.52E-02
4616,-8.52E-02
4617,-7.07E-02
4618,-5.88E-02
4619,-0.047254104
4620,-0.034865715
4621,-2.21E-02
4622,-1.48E-02
4623,-8.87E-03
4624,-4.72E-03
4625,-2.74E-03
4626,-3.40E-03
4627,-6.70E-03
4628,-1.23E-02
4629,-1.96E-02
4630,-2.93E-02
4631,-4.13E-02
4632,-5.26E-02
4633,-6.76E-02
4634,-8.24E-02
4635,-9.44E-02
4636,-0.107341923
4637,-0.118602343
4638,-0.12552461
4639,-0.127132788
4640,-0.12832135
4641,-0.12444178
4642,-0.113705121
4643,-0.098478764
4644,-0.081713006
4645,-6.22E-02
4646,-3.70E-02
4647,-1.04E-02
4648,1.38E-02
4649,3.82E-02
4650,6.42E-02
4651,8.85E-02
4652,0.107346721
4653,0.121479027
4654,0.136699721
4655,0.143345818
4656,0.140511394
4657,0.13783823
4658,0.127732858
4659,0.107417531
4660,9.25E-02
4661,7.18E-02
4662,4.70E-02
4663,2.96E-02
4664,9.91E-03
4665,-6.88E-03
4666,-2.10E-02
4667,-2.64E-02
4668,-3.24E-02
4669,-2.65E-02
4670,-8.22E-03
4671,1.58E-02
4672,5.38E-02
4673,9.20E-02
4674,0.125267759
4675,0.144033477
4676,0.139180154
4677,0.108748563
4678,6.17E-02
4679,0.010485784
4680,-2.72E-02
4681,-3.91E-02
4682,-1.83E-02
4683,2.88E-02
4684,8.33E-02
4685,0.136657462
4686,0.152022511
4687,0.147560045
4688,0.108666658
4689,6.04E-02
4690,1.54E-02
4691,-9.80E-03
4692,-2.09E-02
4693,-1.08E-02
4694,1.05E-02
4695,3.18E-02
4696,4.11E-02
4697,3.35E-02
4698,7.03E-03
4699,-3.05E-02
4700,-7.95E-02
4701,-0.112603605
4702,-0.122917071
4703,-0.114089638
4704,-7.76E-02
4705,-2.93E-02
4706,1.82E-02
4707,4.76E-02
4708,5.36E-02
4709,3.89E-02
4710,1.07E-02
4711,-1.81E-02
4712,-3.24E-02
4713,-2.95E-02
4714,-1.21E-02
4715,1.99E-02
4716,5.34E-02
4717,0.08138077
4718,9.67E-02
4719,0.100987867
4720,9.11E-02
4721,7.11E-02
4722,5.25E-02
4723,3.00E-02
4724,1.46E-02
4725,5.24E-03
4726,8.34E-04
4727,4.30E-03
4728,1.37E-02
4729,2.81E-02
4730,4.72E-02
4731,6.73E-02
4732,8.94E-02
4733,0.104062416
4734,0.117501028
4735,0.12141899
4736,0.114438966
4737,0.101270363
4738,7.73E-02
4739,0.051039457
4740,1.82E-02
4741,-1.21E-02
4742,-4.10E-02
4743,-7.03E-02
4744,-9.02E-02
4745,-0.106400311
4746,-0.111942269
4747,-0.110471427
4748,-0.10338489
4749,-8.64E-02
4750,-7.10E-02
4751,-4.70E-02
4752,-2.62E-02
4753,-1.19E-03
4754,2.50E-02
4755,4.86E-02
4756,7.92E-02
4757,0.100840516
4758,0.126859426
4759,0.140862599
4760,0.150282353
4761,0.147687688
4762,0.131683201
4763,0.108549848
4764,7.00E-02
4765,2.92E-02
4766,-1.77E-02
4767,-6.85E-02
4768,-0.114249803
4769,-0.157401457
4770,-0.189801306
4771,-0.207814425
4772,-0.220796332
4773,-0.208196819
4774,-0.198013783
4775,-0.167473614
4776,-0.137306854
4777,-0.102577277
4778,-6.33E-02
4779,-2.99E-02
4780,8.96E-03
4781,4.74E-02
4782,0.08205016
4783,0.131048471
4784,0.167697936
4785,0.212597027
4786,0.24302043
4787,0.263409734
4788,0.266564667
4789,0.244460747
4790,0.201993302
4791,0.136350602
4792,5.84E-02
4793,-2.68E-02
4794,-0.105961338
4795,-0.171588719
4796,-0.22230573
4797,-0.243993357
4798,-0.259128749
4799,-0.239163667
4800,-0.228822649
4801,-0.19025825
4802,-0.158913791
4803,-0.117921829
4804,-7.34E-02
4805,-3.24E-02
4806,1.73E-02
4807,6.39E-02
4808,0.106363229
4809,0.150094897
4810,0.166905224
4811,0.1673581
4812,0.132466555
4813,6.87E-02
4814,-0.018223051
4815,-9.61E-02
4816,-0.164974898
4817,-0.19061777
4818,-0.159291387
4819,-9.11E-02
4820,-6.15E-03
4821,6.41E-02
4822,7.48E-02
4823,1.47E-02
4824,-8.25E-02
4825,-0.183576331
4826,-0.251322895
4827,-0.271902144
4828,-0.239664838
4829,-0.167142525
4830,-8.03E-02
4831,-5.66E-03
4832,5.94E-02
4833,9.89E-02
4834,0.114645369
4835,0.110149153
4836,8.32E-02
4837,5.76E-02
4838,2.61E-02
4839,-8.50E-03
4840,-3.81E-02
4841,-5.85E-02
4842,-7.69E-02
4843,-8.97E-02
4844,-8.61E-02
4845,-8.25E-02
4846,-6.95E-02
4847,-4.26E-02
4848,-2.31E-02
4849,3.26E-03
4850,2.51E-02
4851,3.53E-02
4852,3.86E-02
4853,2.20E-02
4854,-8.50E-04
4855,-3.58E-02
4856,-7.13E-02
4857,-0.105246283
4858,-0.134580001
4859,-0.146295741
4860,-0.1621259
4861,-0.156749696
4862,-0.146132439
4863,-0.136504129
4864,-0.109354027
4865,-9.44E-02
4866,-7.65E-02
4867,-4.91E-02
4868,-3.61E-02
4869,-0.019210247
4870,4.99E-04
4871,0.021005793
4872,4.00E-02
4873,6.11E-02
4874,9.49E-02
4875,0.120319016
4876,0.151372492
4877,0.190459967
4878,0.209375292
4879,0.239402235
4880,0.25118795
4881,0.240857974
4882,0.222538292
4883,0.171258569
4884,0.112280175
4885,3.60E-02
4886,-4.33E-02
4887,-0.11345166
4888,-0.171957105
4889,-0.205164447
4890,-0.22126694
4891,-0.214229494
4892,-0.194501996
4893,-0.169385031
4894,-0.137786239
4895,-0.107661873
4896,-8.12E-02
4897,-5.55E-02
4898,-0.034719318
4899,-2.04E-02
4900,-9.16E-03
4901,6.24E-05
4902,4.96E-03
4903,5.36E-03
4904,1.59E-03
4905,-5.81E-03
4906,-1.61E-02
4907,-2.85E-02
4908,-4.18E-02
4909,-6.37E-02
4910,-9.37E-02
4911,-0.121346958
4912,-0.145635158
4913,-0.176619038
4914,-0.219934449
4915,-0.252529293
4916,-0.270560771
4917,-0.301593989
4918,-0.321444035
4919,-0.319638997
4920,-0.306393951
4921,-0.286253393
4922,-0.243735835
4923,-0.184186757
4924,-0.120739564
4925,-4.80E-02
4926,3.10E-02
4927,0.101014897
4928,0.159062147
4929,0.209627584
4930,0.239966527
4931,0.252697289
4932,0.252419919
4933,0.239794865
4934,0.215579718
4935,0.186701894
4936,0.156488046
4937,0.124292023
4938,9.27E-02
4939,6.48E-02
4940,4.14E-02
4941,2.23E-02
4942,2.19E-03
4943,-1.48E-02
4944,-2.83E-02
4945,-3.85E-02
4946,-4.54E-02
4947,-4.94E-02
4948,-5.07E-02
4949,-4.94E-02
4950,-0.051855419
4951,-5.29E-02
4952,-5.26E-02
4953,-5.09E-02
4954,-4.77E-02
4955,-4.34E-02
4956,-3.77E-02
4957,-3.08E-02
4958,-0.022752957
4959,-1.35E-02
4960,-3.22E-03
4961,7.89E-03
4962,1.93E-02
4963,3.05E-02
4964,4.12E-02
4965,0.05083954
4966,5.87E-02
4967,6.40E-02
4968,6.60E-02
4969,6.40E-02
4970,5.72E-02
4971,4.51E-02
4972,2.78E-02
4973,5.36E-03
4974,-2.09E-02
4975,-5.14E-02
4976,-8.31E-02
4977,-0.110994101
4978,-0.131708294
4979,-0.140390053
4980,-0.133632228
4981,-0.108936474
4982,-6.58E-02
4983,-7.31E-03
4984,6.13E-02
4985,0.130514145
4986,0.190170348
4987,0.231127098
4988,0.254446417
4989,0.259223491
4990,0.233074665
4991,0.181455716
4992,0.111916758
4993,3.26E-02
4994,-4.90E-02
4995,-0.126248464
4996,-0.194872499
4997,-0.252230257
4998,-0.295963079
4999,-0.325356334
5000,-0.340223342
5001,-0.340085477
5002,-0.326720864
5003,-0.300617158
5004,-0.2642501
5005,-0.21902664
5006,-0.167535231
5007,-0.109771252
5008,-0.04765087
5009,1.59E-02
5010,7.76E-02
5011,0.13379012
5012,0.180879906
5013,0.216325596
5014,0.242353573
5015,0.264267772
5016,0.271972269
5017,0.266384572
5018,0.246599287
5019,0.214603156
5020,0.180310726
5021,0.140503049
5022,9.67E-02
5023,4.82E-02
5024,-4.66E-03
5025,-5.43E-02
5026,-9.94E-02
5027,-0.139102519
5028,-0.175466597
5029,-0.206798807
5030,-0.227866322
5031,-0.237541437
5032,-0.236496314
5033,-0.226225823
5034,-0.20813553
5035,-0.183808848
5036,-0.150032267
5037,-0.110497333
5038,-6.79E-02
5039,-2.32E-02
5040,2.09E-02
5041,6.41E-02
5042,0.105019897
5043,0.143468335
5044,0.17832765
5045,0.208821028
5046,0.236087099
5047,0.25786984
5048,0.275212914
5049,0.288176984
5050,0.296218544
5051,0.299362034
5052,0.300242007
5053,0.302191049
5054,0.300952166
5055,0.296998173
5056,0.289480507
5057,0.278853029
5058,0.265349865
5059,0.24788326
5060,0.226556897
5061,0.201852903
5062,0.173087776
5063,0.146372497
5064,0.120131984
5065,9.32E-02
5066,6.81E-02
5067,4.58E-02
5068,2.90E-02
5069,1.77E-02
5070,1.92E-02
5071,3.00E-02
5072,4.81E-02
5073,7.36E-02
5074,0.102578372
5075,0.134062335
5076,0.165440097
5077,0.197548687
5078,0.229604796
5079,0.257528067
5080,0.28063491
5081,0.299138635
5082,0.313361287
5083,0.324409485
5084,0.332587838
5085,0.338570714
5086,0.342752397
5087,0.347367257
5088,0.353440255
5089,0.357056618
5090,0.357753515
5091,0.355802119
5092,0.350442916
5093,0.34158805
5094,0.328528315
5095,0.322036177
5096,0.313389808
5097,0.298811823
5098,0.278012246
5099,0.250652403
5100,0.223982289
5101,0.206055731
5102,0.182572931
5103,0.153765574
5104,0.119960457
5105,9.42E-02
5106,7.04E-02
5107,4.46E-02
5108,1.71E-02
5109,-1.14E-02
5110,-3.91E-02
5111,-6.55E-02
5112,-0.089816116
5113,-0.113412865
5114,-0.148334578
5115,-0.178274691
5116,-0.202810436
5117,-0.221809134
5118,-0.245849401
5119,-0.273285538
5120,-0.29376626
5121,-0.307470828
5122,-0.314955533
5123,-0.317969203
5124,-0.327016622
5125,-0.331339121
5126,-0.33168754
5127,-0.329091042
5128,-0.323842764
5129,-0.317005962
5130,-0.309435219
5131,-0.301475972
5132,-0.295272142
5133,-0.290366203
5134,-0.286071271
5135,-0.283117175
5136,-0.281883389
5137,-0.281185985
5138,-0.282842249
5139,-0.285869211
5140,-0.290172309
5141,-0.2966429
5142,-0.304330498
5143,-0.313233554
5144,-0.323145688
5145,-0.333361268
5146,-0.344406009
5147,-0.354798675
5148,-0.363910139
5149,-0.37128979
5150,-0.376121134
5151,-0.376602113
5152,-0.376688451
5153,-0.371230811
5154,-0.359724611
5155,-0.341682404
5156,-0.317107171
5157,-0.285105646
5158,-0.247187003
5159,-0.203780532
5160,-0.15608862
5161,-0.105386809
5162,-5.97E-02
5163,-1.64E-02
5164,2.35E-02
5165,5.83E-02
5166,8.50E-02
5167,0.10118106
5168,0.104554512
5169,9.21E-02
5170,0.070329338
5171,0.041006401
5172,4.85E-03
5173,-3.95E-02
5174,-8.48E-02
5175,-0.124519743
5176,-0.158884749
5177,-0.185321957
5178,-0.211179525
5179,-0.226638377
5180,-0.229077131
5181,-0.221553832
5182,-0.203600258
5183,-0.181138381
5184,-0.162074953
5185,-0.136029273
5186,-0.105751432
5187,-7.40E-02
5188,-4.11E-02
5189,-8.62E-03
5190,0.022488585
5191,5.18E-02
5192,7.92E-02
5193,0.103325985
5194,0.125622436
5195,0.143940851
5196,0.158244014
5197,0.167186335
5198,0.168658242
5199,0.162203819
5200,0.150964946
5201,0.133811578
5202,0.110681191
5203,7.89E-02
5204,4.30E-02
5205,1.08E-02
5206,-1.65E-02
5207,-3.87E-02
5208,-0.051677905
5209,-4.96E-02
5210,-3.32E-02
5211,-6.92E-03
5212,2.51E-02
5213,6.51E-02
5214,0.108407706
5215,0.152135968
5216,0.192107365
5217,0.227323234
5218,0.25776574
5219,0.282451987
5220,0.300961882
5221,0.31298238
5222,0.319069237
5223,0.319708437
5224,0.315045923
5225,0.306657076
5226,0.299592048
5227,0.288678765
5228,0.274133652
5229,0.256115913
5230,0.234881774
5231,0.210630387
5232,0.183614597
5233,0.154263601
5234,0.122942142
5235,9.04E-02
5236,5.77E-02
5237,3.16E-02
5238,9.47E-03
5239,-0.010637566
5240,-2.73E-02
5241,-3.91E-02
5242,-4.49E-02
5243,-4.56E-02
5244,-4.17E-02
5245,-3.26E-02
5246,-1.93E-02
5247,-3.14E-03
5248,0.014143861
5249,3.11E-02
5250,0.04504035
5251,0.052987702
5252,0.052646566
5253,5.30E-02
5254,0.041344415
5255,1.73E-02
5256,-1.69E-02
5257,-5.61E-02
5258,-0.098674089
5259,-0.139951602
5260,-0.170684844
5261,-0.186681688
5262,-0.19137229
5263,-0.174167439
5264,-0.136809573
5265,-9.08E-02
5266,-4.43E-02
5267,1.56E-03
5268,3.82E-02
5269,5.84E-02
5270,6.27E-02
5271,5.52E-02
5272,3.89E-02
5273,1.88E-02
5274,4.46E-03
5275,4.41E-03
5276,1.84E-02
5277,4.09E-02
5278,0.06646625
5279,8.94E-02
5280,9.83E-02
5281,8.94E-02
5282,6.39E-02
5283,2.80E-02
5284,-1.43E-02
5285,-5.29E-02
5286,-7.80E-02
5287,-8.46E-02
5288,-7.30E-02
5289,-4.92E-02
5290,-1.46E-02
5291,0.020318653
5292,4.74E-02
5293,6.00E-02
5294,5.99E-02
5295,4.97E-02
5296,0.029315609
5297,5.16E-03
5298,-1.53E-02
5299,-2.74E-02
5300,-3.14E-02
5301,-0.028371425
5302,-1.96E-02
5303,-9.28E-03
5304,-1.84E-03
5305,-1.49E-05
5306,-4.10E-03
5307,-1.20E-02
5308,-1.97E-02
5309,-2.27E-02
5310,-1.81E-02
5311,-5.56E-03
5312,1.45E-02
5313,3.88E-02
5314,5.93E-02
5315,6.85E-02
5316,6.13E-02
5317,3.63E-02
5318,-4.62E-03
5319,-0.061371598
5320,-0.121620536
5321,-0.171706483
5322,-0.200371012
5323,-0.201639086
5324,-0.178574815
5325,-0.127675071
5326,-5.54E-02
5327,2.83E-02
5328,0.111848295
5329,0.184132829
5330,0.234405965
5331,0.254382133
5332,0.238747448
5333,0.187410206
5334,0.107226424
5335,9.45E-03
5336,-8.83E-02
5337,-0.165986583
5338,-0.20907639
5339,-0.211274371
5340,-0.175398648
5341,-0.111134268
5342,-3.25E-02
5343,4.69E-02
5344,0.113379486
5345,0.157136247
5346,0.169407636
5347,0.145414457
5348,9.21E-02
5349,2.46E-02
5350,-3.73E-02
5351,-0.074577585
5352,-8.04E-02
5353,-5.85E-02
5354,-2.21E-02
5355,1.42E-02
5356,0.038493674
5357,4.33E-02
5358,2.59E-02
5359,-1.12E-02
5360,-0.061593059
5361,-0.117727809
5362,-0.168745682
5363,-0.202552885
5364,-0.21205014
5365,-0.190599307
5366,-0.137820974
5367,-6.12E-02
5368,2.64E-02
5369,0.11198698
5370,0.186463311
5371,0.242594451
5372,0.279081315
5373,0.297104061
5374,0.299566329
5375,0.290072799
5376,0.272722632
5377,0.250119597
5378,0.224831685
5379,0.198898956
5380,0.172881156
5381,0.150575578
5382,0.132156581
5383,0.115261845
5384,0.100149624
5385,8.60E-02
5386,7.34E-02
5387,6.17E-02
5388,5.04E-02
5389,5.20E-02
5390,0.054680947
5391,5.55E-02
5392,5.29E-02
5393,5.29E-02
5394,5.97E-02
5395,5.96E-02
5396,0.051587351
5397,4.55E-02
5398,3.70E-02
5399,2.07E-02
5400,-1.71E-03
5401,-0.029240133
5402,-5.94E-02
5403,-8.84E-02
5404,-0.123435393
5405,-0.156444371
5406,-0.174339786
5407,-0.178413182
5408,-0.17061536
5409,-0.137398094
5410,-8.24E-02
5411,-8.37E-03
5412,6.15E-02
5413,0.126211911
5414,0.155474052
5415,0.137668654
5416,8.32E-02
5417,-8.23E-03
5418,-0.102435604
5419,-0.190472052
5420,-0.257767975
5421,-0.284435004
5422,-0.297865927
5423,-0.271433115
5424,-0.240784764
5425,-0.193962589
5426,-0.144852951
5427,-0.103416272
5428,-5.86E-02
5429,-2.71E-02
5430,6.86E-03
5431,3.87E-02
5432,6.67E-02
5433,0.110285088
5434,0.135254443
5435,0.186234921
5436,0.210122868
5437,0.239561796
5438,0.245922029
5439,0.231823727
5440,0.203234956
5441,0.146668315
5442,8.26E-02
5443,9.62E-03
5444,-0.06348002
5445,-0.117547773
5446,-0.155072913
5447,-0.165526703
5448,-0.146503508
5449,-0.12249627
5450,-7.97E-02
5451,-4.04E-02
5452,-7.72E-03
5453,1.91E-02
5454,3.14E-02
5455,0.035317812
5456,3.04E-02
5457,2.18E-02
5458,0.007969931
5459,-8.96E-03
5460,-2.62E-02
5461,-4.09E-02
5462,-5.96E-02
5463,-0.073902354
5464,-7.84E-02
5465,-9.08E-02
5466,-9.09E-02
5467,-8.33E-02
5468,-7.86E-02
5469,-6.53E-02
5470,-0.049690306
5471,-3.71E-02
5472,-2.40E-02
5473,-1.24E-02
5474,-6.92E-03
5475,-4.11E-03
5476,-5.18E-03
5477,-1.30E-02
5478,-2.23E-02
5479,-3.32E-02
5480,-0.049066961
5481,-6.37E-02
5482,-7.43E-02
5483,-8.76E-02
5484,-9.57E-02
5485,-9.52E-02
5486,-9.67E-02
5487,-9.27E-02
5488,-8.02E-02
5489,-7.11E-02
5490,-5.85E-02
5491,-4.20E-02
5492,-2.85E-02
5493,-1.54E-02
5494,-3.35E-03
5495,5.79E-03
5496,1.13E-02
5497,1.25E-02
5498,7.99E-03
5499,-2.48E-03
5500,-1.63E-02
5501,-3.78E-02
5502,-6.24E-02
5503,-8.09E-02
5504,-0.103524588
5505,-0.116196677
5506,-0.114906944
5507,-0.108687684
5508,-0.090488538
5509,-6.22E-02
5510,-3.37E-02
5511,-7.05E-03
5512,1.59E-02
5513,2.83E-02
5514,2.87E-02
5515,2.22E-02
5516,6.08E-03
5517,-1.58E-02
5518,-3.52E-02
5519,-5.25E-02
5520,-6.34E-02
5521,-6.68E-02
5522,-6.07E-02
5523,-5.33E-02
5524,-0.038389578
5525,-0.02389067
5526,-9.98E-03
5527,4.33E-03
5528,1.62E-02
5529,2.35E-02
5530,3.36E-02
5531,3.66E-02
5532,3.76E-02
5533,3.59E-02
5534,2.58E-02
5535,1.96E-02
5536,6.81E-03
5537,-3.36E-04
5538,-5.41E-03
5539,-2.42E-03
5540,6.53E-03
5541,2.53E-02
5542,4.61E-02
5543,0.069176048
5544,8.96E-02
5545,0.103400476
5546,0.114444569
5547,0.10774789
5548,0.108412981
5549,9.10E-02
5550,7.83E-02
5551,5.91E-02
5552,3.77E-02
5553,0.019196967
5554,-2.49E-03
5555,-2.47E-02
5556,-4.40E-02
5557,-7.08E-02
5558,-9.28E-02
5559,-0.114808381
5560,-0.137859106
5561,-0.146028325
5562,-0.158934131
5563,-0.147846922
5564,-0.137061894
5565,-0.107257105
5566,-0.071169876
5567,-2.88E-02
5568,1.44E-02
5569,5.03E-02
5570,7.86E-02
5571,9.21E-02
5572,9.64E-02
5573,8.88E-02
5574,7.72E-02
5575,5.97E-02
5576,4.36E-02
5577,2.89E-02
5578,1.56E-02
5579,8.15E-03
5580,1.40E-03
5581,-1.47E-03
5582,-3.72E-04
5583,3.83E-03
5584,1.06E-02
5585,1.72E-02
5586,3.37E-02
5587,4.77E-02
5588,0.059353918
5589,8.05E-02
5590,9.13E-02
5591,0.101394586
5592,0.109042905
5593,0.100432225
5594,9.53E-02
5595,7.74E-02
5596,5.38E-02
5597,3.08E-02
5598,4.80E-03
5599,-1.16E-02
5600,-2.28E-02
5601,-2.33E-02
5602,-1.54E-02
5603,-3.47E-03
5604,1.58E-02
5605,0.029470932
5606,4.53E-02
5607,5.51E-02
5608,5.29E-02
5609,5.47E-02
5610,4.70E-02
5611,3.28E-02
5612,2.16E-02
5613,8.07E-03
5614,-5.68E-03
5615,-1.42E-02
5616,-1.61E-02
5617,-0.010520919
5618,7.62E-03
5619,3.38E-02
5620,7.40E-02
5621,0.118366808
5622,0.150406957
5623,0.177429214
5624,0.17911312
5625,0.148571447
5626,9.59E-02
5627,3.54E-02
5628,-0.015049054
5629,-3.62E-02
5630,-1.62E-02
5631,2.87E-02
5632,8.02E-02
5633,0.119426206
5634,0.12676236
5635,9.96E-02
5636,5.87E-02
5637,6.68E-03
5638,-3.51E-02
5639,-5.92E-02
5640,-0.059734832
5641,-5.22E-02
5642,-3.23E-02
5643,-1.40E-02
5644,-3.43E-03
5645,-5.22E-04
5646,-8.75E-03
5647,-0.026690112
5648,-5.33E-02
5649,-8.50E-02
5650,-0.114324667
5651,-0.146123573
5652,-0.156503335
5653,-0.163913652
5654,-0.149422452
5655,-0.120850943
5656,-8.99E-02
5657,-0.052918654
5658,-2.93E-02
5659,-1.59E-02
5660,-1.81E-02
5661,-0.036985632
5662,-6.45E-02
5663,-0.101659499
5664,-0.13314715
5665,-0.152130857
5666,-0.161821052
5667,-0.146826312
5668,-0.122920461
5669,-8.87E-02
5670,-5.14E-02
5671,-2.17E-02
5672,3.46E-04
5673,1.07E-02
5674,1.19E-02
5675,1.65E-03
5676,-0.016606692
5677,-3.69E-02
5678,-5.70E-02
5679,-7.38E-02
5680,-7.35E-02
5681,-5.75E-02
5682,-2.13E-02
5683,2.70E-02
5684,8.88E-02
5685,0.144792005
5686,0.176268563
5687,0.184457898
5688,0.161230356
5689,0.110026635
5690,4.73E-02
5691,-1.25E-03
5692,-1.67E-02
5693,5.37E-03
5694,5.80E-02
5695,0.121836103
5696,0.175224259
5697,0.195163161
5698,0.171986431
5699,0.125118643
5700,0.052732565
5701,-2.49E-02
5702,-8.04E-02
5703,-0.108328827
5704,-0.108047619
5705,-8.66E-02
5706,-4.81E-02
5707,-2.13E-02
5708,-2.35E-03
5709,-1.34E-03
5710,-1.88E-02
5711,-5.15E-02
5712,-9.40E-02
5713,-0.124067962
5714,-0.15115574
5715,-0.13781935
5716,-9.57E-02
5717,-2.91E-02
5718,4.94E-02
5719,0.108493023
5720,0.140952691
5721,0.129050821
5722,9.16E-02
5723,0.046773724
5724,1.75E-02
5725,2.83E-02
5726,6.68E-02
5727,0.107390642
5728,0.120694458
5729,8.64E-02
5730,1.48E-02
5731,-6.64E-02
5732,-0.116443284
5733,-0.118088692
5734,-7.69E-02
5735,-1.13E-02
5736,4.01E-02
5737,7.12E-02
5738,6.87E-02
5739,0.041264534
5740,1.16E-02
5741,-8.10E-03
5742,-1.38E-02
5743,-6.23E-03
5744,4.97E-03
5745,6.92E-03
5746,-5.30E-03
5747,-2.71E-02
5748,-5.89E-02
5749,-7.74E-02
5750,-6.70E-02
5751,-2.55E-02
5752,4.59E-02
5753,0.129483134
5754,0.198057607
5755,0.23689191
5756,0.228466928
5757,0.16341199
5758,0.065427341
5759,-0.046086274
5760,-0.131088614
5761,-0.159850553
5762,-0.136688784
5763,-8.02E-02
5764,-8.79E-03
5765,5.60E-02
5766,8.71E-02
5767,8.01E-02
5768,0.04465156
5769,-1.80E-02
5770,-0.095790684
5771,-0.166393384
5772,-0.221557602
5773,-0.248206362
5774,-0.25470832
5775,-0.224840418
5776,-0.189208329
5777,-0.141076088
5778,-0.086022362
5779,-4.36E-02
5780,2.22E-03
5781,4.44E-02
5782,7.77E-02
5783,0.125296161
5784,0.163216576
5785,0.205547079
5786,0.250508726
5787,0.276432663
5788,0.306891918
5789,0.297539651
5790,0.276306123
5791,0.207615584
5792,0.117687121
5793,-2.63E-03
5794,-0.122099027
5795,-0.234089926
5796,-0.313702255
5797,-0.3615897
5798,-0.373735458
5799,-0.35238111
5800,-0.321568668
5801,-0.258747458
5802,-0.217156127
5803,-0.157603264
5804,-0.101881929
5805,-5.26E-02
5806,1.67E-03
5807,5.59E-02
5808,0.105375923
5809,0.164438322
5810,0.225567341
5811,0.270263433
5812,0.339547396
5813,0.373699993
5814,0.406401694
5815,0.405849159
5816,0.369612753
5817,0.302191377
5818,0.191046163
5819,6.46E-02
5820,-7.71E-02
5821,-0.198996365
5822,-0.288580567
5823,-0.334198982
5824,-0.319675654
5825,-0.288220584
5826,-0.208175838
5827,-0.141481236
5828,-7.10E-02
5829,-6.98E-03
5830,2.68E-02
5831,5.02E-02
5832,5.69E-02
5833,5.10E-02
5834,3.45E-02
5835,8.75E-03
5836,-2.37E-02
5837,-5.90E-02
5838,-9.28E-02
5839,-0.127967387
5840,-0.170023203
5841,-0.198326707
5842,-0.211217195
5843,-0.240975633
5844,-0.246185958
5845,-0.228501469
5846,-0.221811458
5847,-0.199187472
5848,-0.16039905
5849,-0.125826314
5850,-9.32E-02
5851,-5.73E-02
5852,-2.51E-02
5853,-6.13E-03
5854,5.83E-03
5855,8.09E-03
5856,3.77E-05
5857,-2.50E-02
5858,-6.00E-02
5859,-0.100729339
5860,-0.148731425
5861,-0.203682974
5862,-0.248863548
5863,-0.27539137
5864,-0.281574965
5865,-0.267888874
5866,-0.227877796
5867,-0.164560184
5868,-8.88E-02
5869,-0.012041837
5870,5.66E-02
5871,0.121737041
5872,0.172164336
5873,0.201415017
5874,0.208588436
5875,0.195727393
5876,0.166753143
5877,0.125435114
5878,7.76E-02
5879,2.87E-02
5880,-0.016153721
5881,-5.30E-02
5882,-8.38E-02
5883,-0.105429403
5884,-0.115419179
5885,-0.113964826
5886,-0.102621399
5887,-8.34E-02
5888,-5.87E-02
5889,-3.15E-02
5890,-3.84E-03
5891,0.022151344
5892,4.45E-02
5893,6.27E-02
5894,7.51E-02
5895,8.19E-02
5896,0.083086371
5897,7.84E-02
5898,6.91E-02
5899,5.59E-02
5900,3.97E-02
5901,2.16E-02
5902,2.77E-03
5903,-1.58E-02
5904,-0.033236027
5905,-4.90E-02
5906,-0.062243614
5907,-7.34E-02
5908,-8.19E-02
5909,-8.75E-02
5910,-9.09E-02
5911,-9.18E-02
5912,-9.07E-02
5913,-8.74E-02
5914,-0.081885539
5915,-7.42E-02
5916,-6.41E-02
5917,-5.13E-02
5918,-3.61E-02
5919,-1.81E-02
5920,2.29E-03
5921,2.48E-02
5922,4.87E-02
5923,7.34E-02
5924,9.74E-02
5925,0.120250441
5926,0.156576216
5927,0.191944331
5928,0.224558055
5929,0.252192676
5930,0.273136079
5931,0.287271082
5932,0.313649505
5933,0.334169418
5934,0.346094608
5935,0.347913235
5936,0.340685189
5937,0.333380103
5938,0.323029906
5939,0.304358631
5940,0.278515846
5941,0.244354904
5942,0.206070125
5943,0.165631145
5944,0.122839257
5945,7.63E-02
5946,2.60E-02
5947,-2.48E-02
5948,-7.16E-02
5949,-0.114375733
5950,-0.153294235
5951,-0.186726734
5952,-0.215207502
5953,-0.235406846
5954,-0.246799067
5955,-0.252048045
5956,-0.252147436
5957,-0.248309419
5958,-0.241897076
5959,-0.233121693
5960,-0.222349897
5961,-0.212171257
5962,-0.202323094
5963,-0.193886504
5964,-0.187407374
5965,-0.183300912
5966,-0.180876508
5967,-0.180865571
5968,-0.182951823
5969,-0.187265769
5970,-0.192957088
5971,-0.200087264
5972,-0.207617417
5973,-0.214716092
5974,-0.219362542
5975,-0.222269535
5976,-0.222665399
5977,-0.218562394
5978,-0.209377661
5979,-0.192845345
5980,-0.167796001
5981,-0.138193592
5982,-0.103612043
5983,-6.45E-02
5984,-2.07E-02
5985,2.79E-02
5986,7.53E-02
5987,0.1208134
5988,0.162204936
5989,0.200857431
5990,0.239585131
5991,0.272572309
5992,0.296492249
5993,0.312418282
5994,0.319844425
5995,0.326582253
5996,0.331910282
5997,0.327062756
5998,0.313001007
5999,0.290770054
6000,0.263596326
