Structure Position, RAO-Based Response
Line A: Structure Position, RAO-Based Response - Global Z (Part - Center of Gravity relative to Origin of Fixed Reference Axes (FRA)) [m]
Line B: Structure Position, RAO-Based Response - Global RX (Part) [°]
Line C: Structure Position, RAO-Based Response - Global RY (Part) [°]

*Time (s),Line A (m),Line B (°),Line C (°)
0.0,0.0,0.0,0.0
0.1,2.85252754110843E-04,4.72385296598077E-03,1.81299960240722E-03
0.2,8.04734649136662E-04,0.019308764487505,7.40624452009797E-03
0.3,1.04648259002715E-03,4.41803783178329E-02,1.69365666806698E-02
0.4,4.94991894811392E-04,7.94992372393608E-02,3.04591730237007E-02
0.5,-1.36060523800552E-03,0.125155866146088,4.79259565472603E-02
0.6,-5.01838838681579E-03,0.180769830942154,6.91850557923317E-02
0.7,-1.09556708484888E-02,0.245691433548927,9.39817503094673E-02
0.8,-1.96211822330952E-02,0.319007694721222,0.121960192918777
0.9,-3.14275436103344E-02,0.399549722671509,0.152667224407196
1,-4.67442087829113E-02,0.485906481742859,0.185556665062904
1.1,-6.58906847238541E-02,0.576439082622528,0.219994574785233
1.2,-8.91303941607475E-02,0.669296622276306,0.255266606807709
1.3,-0.116665132343769,0.762440919876099,0.290585905313492
1.4,-0.148629799485207,0.853665411472321,0.325101017951965
1.5,-0.185088753700256,0.940623223781586,0.357908368110657
1.6,-0.226031541824341,1.02085471153259,0.388061076402664
1.7,-0.271370559930801,1.09181642532349,0.414582252502441
1.8,-0.320939511060715,1.15091383457184,0.436476290225983
1.9,-0.374491453170776,1.19553124904633,0.452745378017426
2,-0.431700110435486,1.22307169437408,0.462400019168854
2.1,-0.492160111665726,1.23098409175873,0.464481621980667
2.2,-0.555388510227203,1.21680569648743,0.458061844110489
2.3,-0.620828688144684,1.17819488048553,0.442278474569321
2.4,-0.687854409217834,1.11296570301056,0.416333764791489
2.5,-0.755773663520813,1.01912522315979,0.37951672077179
2.6,-0.823836803436279,0.894901514053345,0.331212848424911
2.7,-0.891240894794464,0.738782346248627,0.270927309989929
2.8,-0.957140624523163,0.549540460109711,0.19828337430954
2.9,-1.02065527439117,0.326261520385742,0.113049760460854
3,-1.0808779001236,6.83697164058685E-02,0.015131177380681
3.1,-1.13688778877258,-0.224358960986137,-9.54155176877975E-02
3.2,-1.18775916099548,-0.551767885684967,-0.218353614211082
3.3,-1.23257064819336,-0.913314461708069,-0.3533094227314
3.4,-1.27042365074158,-1.30806660652161,-0.499728173017502
3.5,-1.30044639110565,-1.73469352722168,-0.65688419342041
3.6,-1.32180666923523,-2.19146871566772,-0.823911190032959
3.7,-1.33372712135315,-2.67627573013306,-0.999778985977173
3.8,-1.33549380302429,-3.18663716316223,-1.18330121040344
3.9,-1.32646155357361,-3.71970272064209,-1.3731894493103
4,-1.3060714006424,-4.27229738235474,-1.56800675392151
4.1,-1.27385258674622,-4.8409366607666,-1.76623952388763
4.2,-1.22942936420441,-5.42187452316284,-1.96629917621613
4.3,-1.17253386974335,-6.01109838485718,-2.16650462150574
4.4,-1.10300004482269,-6.60443496704102,-2.36520195007324
4.5,-1.02077293395996,-7.19752883911133,-2.56069040298462
4.6,-0.925909638404846,-7.78592586517334,-2.75130772590637
4.7,-0.818574905395508,-8.36511135101318,-2.93542242050171
4.8,-0.699050784111023,-8.9305305480957,-3.11148118972778
4.9,-0.56771993637085,-9.47769832611084,-3.27801561355591
5,-0.425070494413376,-10.0021867752075,-3.43366026878357
5.1,-0.27168881893158,-10.4997005462646,-3.57719039916992
5.2,-0.108248591423035,-10.9661426544189,-3.70751976966858
5.3,6.44860044121742E-02,-11.3976106643677,-3.82369494438171
5.4,0.245680779218674,-11.7904720306396,-3.92494130134583
5.5,0.43443900346756,-12.1414003372192,-4.01062774658203
5.6,0.629800617694855,-12.4473943710327,-4.08029413223267
5.7,0.830770313739777,-12.7058086395264,-4.13363552093506
5.8,1.03630864620209,-12.9143514633179,-4.17049789428711
5.9,1.24535572528839,-13.071159362793,-4.19087982177734
6,1.45684146881104,-13.1747512817383,-4.19487857818604
6.1,1.66968846321106,-13.2240314483643,-4.1827335357666
6.2,1.88282644748688,-13.2183198928833,-4.15478563308716
6.3,2.09519362449646,-13.1573438644409,-4.11145830154419
6.4,2.30576109886169,-13.0411558151245,-4.05324411392212
6.5,2.51351761817932,-12.8702077865601,-3.98068976402283
6.6,2.71749305725098,-12.6452684402466,-3.89438724517822
6.7,2.91675591468811,-12.3674230575562,-3.79493641853333
6.8,3.11041522026062,-12.0380477905273,-3.68297386169434
6.9,3.29762744903564,-11.6587562561035,-3.55910134315491
7,3.47760009765625,-11.2314291000366,-3.42391443252563
7.1,3.6495840549469,-10.7581100463867,-3.2779746055603
7.2,3.81288385391235,-10.2410678863525,-3.12177968025208
7.3,3.9668447971344,-9.68273162841797,-2.9558277130127
7.4,4.11087417602539,-9.08563899993896,-2.78052639961243
7.5,4.24441909790039,-8.45247173309326,-2.59623456001282
7.6,4.3669753074646,-7.78600263595581,-2.40325212478638
7.7,4.47808694839478,-7.08906269073486,-2.20183396339417
7.8,4.57734155654907,-6.36457681655884,-1.9921658039093
7.9,4.66437292098999,-5.61548805236816,-1.77440989017487
8,4.73885011672974,-4.84479475021362,-1.54866194725037
8.1,4.80049657821655,-4.05549383163452,-1.31498944759369
8.2,4.84906482696533,-3.250657081604,-1.07344913482666
8.3,4.88435554504395,-2.43327760696411,-0.824069499969482
8.4,4.90620470046997,-1.6064031124115,-0.566865503787994
8.5,4.91449356079102,-0.773104965686798,-0.301911026239395
8.6,4.90914011001587,6.36283382773399E-02,-2.92563159018755E-02
8.7,4.89010286331177,0.900777101516724,0.251025527715683
8.8,4.85738372802734,1.73536705970764,0.538815081119537
8.9,4.81102895736694,2.56443285942078,0.833867311477661
9,4.75112247467041,3.3850588798523,1.13597762584686
9.1,4.67779541015625,4.19436693191528,1.44482147693634
9.2,4.59122514724731,4.98951816558838,1.75994122028351
9.3,4.49162673950195,5.76773834228516,2.08084416389465
9.4,4.37927007675171,6.52633142471314,2.40696549415588
9.5,4.25446701049805,7.26258707046509,2.73754858970642
9.6,4.11757516860962,7.97398996353149,3.07178139686584
9.7,3.96757745742798,8.66162967681885,3.39695405960083
9.8,3.80637621879578,9.32295608520508,3.71257448196411
9.9,3.63630700111389,9.95456218719482,4.0275731086731
10,3.45767259597778,10.554931640625,4.34129953384399
10.1,3.27079701423645,11.1226434707642,4.65295886993408
10.2,3.07602477073669,11.6562213897705,4.96173238754272
10.3,2.87372279167175,12.1542863845825,5.26666688919067
10.4,2.66428446769714,12.6154594421387,5.56676292419434
10.5,2.44814348220825,13.0383825302124,5.86086797714233
10.6,2.22575211524963,13.4217586517334,6.14780616760254
10.7,1.99761021137238,13.7643337249756,6.42625427246094
10.8,1.7642548084259,14.0648880004883,6.69481039047241
10.9,1.52626585960388,14.3222808837891,6.95198011398315
11,1.28427052497864,14.5354604721069,7.19619274139404
11.1,1.03893899917603,14.7034320831299,7.42579030990601
11.2,0.790986180305481,14.8253269195557,7.63901615142822
11.3,0.541159808635712,14.9003238677979,7.83411264419556
11.4,0.290257036685944,14.9276857376099,8.00928401947021
11.5,3.91098707914352E-02,14.906741142273,8.16265296936035
11.6,-0.211409509181976,14.8369436264038,8.29237174987793
11.7,-0.460370033979416,14.7179117202759,8.39658355712891
11.8,-0.706798195838928,14.5494012832642,8.47337245941162
11.9,-0.949652791023254,14.3314189910889,8.52085018157959
12,-1.18784928321838,14.0642566680908,8.53714084625244
12.1,-1.42025947570801,13.748480796814,8.52039432525635
12.2,-1.64570569992065,13.3850574493408,8.46883106231689
12.3,-1.86299657821655,12.9753541946411,8.38075542449951
12.4,-2.07091903686523,12.5211400985718,8.25459766387939
12.5,-2.26893186569214,12.0255937576294,8.07589530944824
12.6,-2.45689582824707,11.4897651672363,7.83241891860962
12.7,-2.63254308700562,10.9133787155151,7.55060338973999
12.8,-2.79479098320007,10.2997627258301,7.23046064376831
12.9,-2.94262170791626,9.65259456634521,6.87236595153809
13,-3.0751314163208,8.97582530975342,6.47702693939209
13.1,-3.19152283668518,8.27364253997803,6.04554653167725
13.2,-3.29113340377808,7.55034112930298,5.57942771911621
13.3,-3.3734393119812,6.81028938293457,5.0805459022522
13.4,-3.438068151474,6.0577712059021,4.55114793777466
13.5,-3.4847846031189,5.29702091217041,3.99387288093567
13.6,-3.51351380348206,4.53202438354492,3.41166543960571
13.7,-3.52430605888367,3.76656341552734,2.80777406692505
13.8,-3.51734447479248,3.00414562225342,2.18569254875183
13.9,-3.49293208122253,2.24802136421204,1.54913759231567
14,-3.45147442817688,1.50113725662231,0.901959478855133
14.1,-3.39347100257874,0.766191184520721,0.248093396425247
14.2,-3.31950998306274,4.57027181982994E-02,-0.408382147550583
14.3,-3.23024249076843,-0.658084869384766,-1.06354916095734
14.4,-3.12639284133911,-1.34299623966217,-1.71340906620026
14.5,-3.0087354183197,-2.00704121589661,-2.35414385795593
14.6,-2.87809801101685,-2.64830422401428,-2.98207020759583
14.7,-2.73534893989563,-3.26496267318726,-3.59369421005249
14.8,-2.58140230178833,-3.85523462295532,-4.18572521209717
14.9,-2.41719484329224,-4.41742992401123,-4.75513601303101
15,-2.24370169639587,-4.9498872756958,-5.29919052124023
15.1,-2.06191730499268,-5.45106840133667,-5.8153862953186
15.2,-1.87285673618317,-5.9194917678833,-6.30155849456787
15.3,-1.67754888534546,-6.35381412506104,-6.75580263137817
15.4,-1.47702050209045,-6.75283336639404,-7.1765284538269
15.5,-1.27231967449188,-7.11546802520752,-7.56239128112793
15.6,-1.06445741653442,-7.44089031219482,-7.91238832473755
15.7,-0.854472994804382,-7.72838401794434,-8.22569561004639
15.8,-0.643356680870056,-7.97751998901367,-8.5017786026001
15.9,-0.43209120631218,-8.18806076049805,-8.74029922485352
16,-0.221625059843063,-8.35994052886963,-8.9411449432373
16.1,-1.28741264343262E-02,-8.49336242675781,-9.10441112518311
16.2,0.193290054798126,-8.58873462677002,-9.23033618927002
16.3,0.396020203828812,-8.64660549163819,-9.31932163238525
16.4,0.594530761241913,-8.66777896881104,-9.37195587158203
16.5,0.788081884384155,-8.65317726135254,-9.38891315460205
16.6,0.975970029830933,-8.60391807556152,-9.37100219726563
16.7,1.15754413604736,-8.52122211456299,-9.31912708282471
16.8,1.33220648765564,-8.4064826965332,-9.23429870605469
16.9,1.49939799308777,-8.2611837387085,-9.11760711669922
17,1.65862607955933,-8.08694171905518,-8.97020244598389
17.1,1.80943977832794,-7.88545942306519,-8.79329299926758
17.2,1.95142865180969,-7.65854072570801,-8.58813571929932
17.3,2.08424973487854,-7.40808820724487,-8.3560152053833
17.4,2.20759510993958,-7.13606739044189,-8.09826469421387
17.5,2.32122254371643,-6.84449768066406,-7.8161883354187
17.6,2.42493200302124,-6.53544950485229,-7.51109933853149
17.7,2.51856255531311,-6.21104431152344,-7.18435764312744
17.8,2.60560727119446,-5.88190412521362,-6.83000993728638
17.9,2.68318629264832,-5.5405158996582,-6.45655632019043
18,2.75104141235352,-5.18818187713623,-6.06583833694458
18.1,2.809157371521,-4.8268084526062,-5.65923404693604
18.2,2.85755658149719,-4.45824098587036,-5.23804712295532
18.3,2.89627766609192,-4.08432149887085,-4.80357456207275
18.4,2.92539286613464,-3.70680046081543,-4.35706377029419
18.5,2.94499349594116,-3.32736802101135,-3.89972043037415
18.6,2.95518088340759,-2.94768309593201,-3.43274641036987
18.7,2.95607829093933,-2.56930899620056,-2.95725965499878
18.8,2.94782161712646,-2.19373345375061,-2.47436928749084
18.9,2.93055009841919,-1.82239806652069,-1.98516011238098
19,2.90441656112671,-1.45664834976196,-1.49069738388062
19.1,2.86957454681396,-1.09776198863983,-0.991979777812958
19.2,2.82618427276611,-0.7469722032547,-0.490086048841476
19.3,2.77441024780273,-0.405426919460297,1.39885479584336E-02
19.4,2.71441578865051,-7.42440521717072E-02,0.519211113452911
19.5,2.64637088775635,0.245539322495461,1.02453434467316
19.6,2.57045030593872,0.552905440330505,1.52888786792755
19.7,2.48682761192322,0.8468878865242,2.03120613098145
19.8,2.39569878578186,1.12652063369751,2.53026080131531
19.9,2.29725956916809,1.39089930057526,3.02488422393799
20,2.19172263145447,1.63914453983307,3.51381993293762
20.1,2.07932615280151,1.87038207054138,3.99569058418274
20.2,1.96032333374023,2.08377957344055,4.46908569335938
20.3,1.83499920368195,2.27855801582336,4.9324836730957
20.4,1.70367181301117,2.45395183563232,5.38429546356201
20.5,1.56668210029602,2.6092894077301,5.82287454605103
20.6,1.42441761493683,2.74393582344055,6.24646997451782
20.7,1.277303814888,2.85730767250061,6.6532301902771
20.8,1.12579619884491,2.9489381313324,7.04131031036377
20.9,0.970400214195251,3.01840877532959,7.4087643623352
21,0.811663627624512,3.06545329093933,7.75362730026245
21.1,0.650175392627716,3.08992838859558,8.07389545440674
21.2,0.486589103937149,3.09185075759888,8.36752986907959
21.3,0.321595430374146,3.071453332901,8.63250064849854
21.4,0.159413844347,3.05218482017517,8.86540126800537
21.5,-3.08907032012939E-03,3.01909637451172,9.06484317779541
21.6,-0.166357219219208,2.96642279624939,9.22926807403564
21.7,-0.329641669988632,2.89493417739868,9.35688591003418
21.8,-0.492149949073792,2.80562520027161,9.44600009918213
21.9,-0.653065085411072,2.69972610473633,9.4951057434082
22,-0.811553597450256,2.57866668701172,9.50285911560059
22.1,-0.966745615005493,2.44408583641052,9.46814727783203
22.2,-1.11777591705322,2.2977933883667,9.39007663726807
22.3,-1.2637791633606,2.14176154136658,9.26802635192871
22.4,-1.4038872718811,1.97807466983795,9.10165691375732
22.5,-1.53727006912231,1.8088880777359,8.89091205596924
22.6,-1.66311144828796,1.63643014431,8.63605499267578
22.7,-1.78062987327576,1.46293747425079,8.33765316009521
22.8,-1.88909673690796,1.29061019420624,7.99659109115601
22.9,-1.98782289028168,1.12161529064178,7.61408472061157
23,-2.07618570327759,0.95800119638443,7.19162654876709
23.1,-2.15361428260803,0.801722288131714,6.73105096817017
23.2,-2.21961259841919,0.654605805873871,6.23446846008301
23.3,-2.27374625205994,0.518323659896851,5.70431137084961
23.4,-2.31566500663757,0.3944111764431,5.14327573776245
23.5,-2.34509778022766,0.284234374761581,4.55426692962646
23.6,-2.36185622215271,0.189016073942184,3.94051003456116
23.7,-2.36583924293518,0.109807163476944,3.30534338951111
23.8,-2.35703682899475,4.75189723074436E-02,2.65238881111145
23.9,-2.33791589736938,2.89220409467816E-03,1.98499488830566
24,-2.31799101829529,-2.34832372516394E-02,1.30543446540833
24.1,-2.28592801094055,-0.031147537752986,0.618961155414581
24.2,-2.24187922477722,-1.98004525154829E-02,-7.04190358519554E-02
24.3,-2.18608355522156,1.07121244072914E-02,-0.758708536624908
24.4,-2.11886644363403,6.03893175721168E-02,-1.44190037250519
24.5,-2.04062533378601,0.129080846905708,-2.11612915992737
24.6,-1.95184016227722,0.2164696007967,-2.77754974365234
24.7,-1.8530513048172,0.322078943252564,-3.42254424095154
24.8,-1.74486911296844,0.445260286331177,-4.04760074615479
24.9,-1.62795412540436,0.585186243057251,-4.6494288444519
25,-1.50300073623657,0.740862846374512,-5.2250599861145
25.1,-1.37075757980347,0.911115229129791,-5.77168750762939
25.2,-1.23199725151062,1.09458005428314,-6.28680515289307
25.3,-1.08749890327454,1.28976225852966,-6.76826047897339
25.4,-0.938069939613342,1.49497747421265,-7.21413803100586
25.5,-0.78450733423233,1.70842623710632,-7.62287521362305
25.6,-0.627614855766296,1.92817330360413,-7.99315786361694
25.7,-0.468176305294037,2.15218019485474,-8.32403659820557
25.8,-0.306961983442307,2.37834453582764,-8.61479663848877
25.9,-0.144725233316422,2.60448384284973,-8.86499404907227
26,1.78163647651672E-02,2.82842636108398,-9.0744686126709
26.1,0.179955884814262,3.04796266555786,-9.24324703216553
26.2,0.341039329767227,3.26093888282776,-9.37161636352539
26.3,0.500145137310028,3.47357630729675,-9.45926856994629
26.4,0.657311916351318,3.7039065361023,-9.50480461120605
26.5,0.813731551170349,3.92067217826843,-9.51135444641113
26.6,0.968812167644501,4.12156534194946,-9.47987651824951
26.7,1.12200772762299,4.30440902709961,-9.41144943237305
26.8,1.27274394035339,4.46718072891235,-9.30724048614502
26.9,1.42048692703247,4.60803318023682,-9.16849136352539
27,1.56471526622772,4.72526264190674,-8.99653816223145
27.1,1.70491528511047,4.81737565994263,-8.79276275634766
27.2,1.84060120582581,4.88304233551025,-8.55856990814209
27.3,1.97128653526306,4.9211630821228,-8.29546642303467
27.4,2.09652018547058,4.93079900741577,-8.00490474700928
27.5,2.21586537361145,4.91124725341797,-7.68839836120606
27.6,2.32890129089355,4.86198329925537,-7.34746170043945
27.7,2.43523263931274,4.78269338607788,-6.98359251022339
27.8,2.53447008132935,4.67326974868774,-6.5983362197876
27.9,2.62626314163208,4.53379011154175,-6.19316339492798
28,2.71027302742004,4.36451196670532,-5.76958894729614
28.1,2.78618121147156,4.16589784622192,-5.32910346984863
28.2,2.85369443893433,3.93855857849121,-4.87316226959229
28.3,2.91253924369812,3.68327784538269,-4.40323305130005
28.4,2.96246552467346,3.40100574493408,-3.92077279090881
28.5,3.00324988365173,3.09278559684753,-3.42714810371399
28.6,3.03468370437622,2.75983786582947,-2.92379570007324
28.7,3.05658531188965,2.40350437164307,-2.41212391853333
28.8,3.06879496574402,2.02517676353455,-1.89347505569458
28.9,3.07900381088257,1.6208256483078,-1.36592733860016
29,3.07954287528992,1.1942321062088,-0.83564019203186
29.1,3.06973910331726,0.747576594352722,-0.304150462150574
29.2,3.0494532585144,0.282887011766434,0.227221608161926
29.3,3.01856088638306,-0.197875484824181,0.757306516170502
29.4,2.97697639465332,-0.692562639713287,1.28477156162262
29.5,2.92462873458862,-1.19914448261261,1.80838966369629
29.6,2.86148023605347,-1.71540629863739,2.3268084526062
29.7,2.78750872612,-2.23924350738525,2.83874368667603
29.8,2.70272731781006,-2.76843047142029,3.34278845787048
29.9,2.60716795921326,-3.30075931549072,3.8375289440155
30,2.500892162323,-3.83398795127869,4.32151126861572
30.1,2.38399338722229,-4.36580419540405,4.79317808151245
30.2,2.2565975189209,-4.89389371871948,5.25089406967163
30.3,2.11887121200562,-5.41583824157715,5.69298791885376
30.4,1.97102761268616,-5.92920207977295,6.11766290664673
30.5,1.81330263614655,-6.43149471282959,6.5231351852417
30.6,1.64599800109863,-6.92014265060425,6.90748739242554
30.7,1.46946978569031,-7.3924880027771,7.26876831054688
30.8,1.28413259983063,-7.84582710266113,7.60493612289429
30.9,1.09046757221222,-8.27735137939453,7.91399097442627
31,0.888997733592987,-8.68420028686523,8.19390201568604
31.1,0.680340588092804,-9.06343936920166,8.44261074066162
31.2,0.465165227651596,-9.41206836700439,8.65818119049072
31.3,0.244227185845375,-9.72700309753418,8.83863639831543
31.4,1.83571428060532E-02,-10.0051584243774,8.98215770721436
31.5,-0.211557254195213,-10.2434406280518,9.08703899383545
31.6,-0.444514572620392,-10.4387826919556,9.15165138244629
31.7,-0.679462134838104,-10.5882215499878,9.1745548248291
31.8,-0.915240228176117,-10.688889503479,9.15455341339111
31.9,-1.15063607692719,-10.7381277084351,9.09054183959961
32,-1.38438534736633,-10.7334985733032,8.98175716400146
32.1,-1.61513590812683,-10.6728601455688,8.82763576507568
32.2,-1.84149193763733,-10.5544023513794,8.62792491912842
32.3,-2.0620322227478,-10.3767032623291,8.38268375396729
32.4,-2.27534222602844,-10.1387462615967,8.09225273132324
32.5,-2.47995328903198,-9.84001159667969,7.7573413848877
32.6,-2.67446208000183,-9.48038768768311,7.37900447845459
32.7,-2.85746693611145,-9.06029891967773,6.95870018005371
32.8,-3.02764391899109,-8.58054351806641,6.49815988540649
32.9,-3.18372559547424,-8.04242134094238,5.99954700469971
33,-3.32452392578125,-7.4476637840271,5.46540832519531
33.1,-3.44894957542419,-6.7983341217041,4.89859485626221
33.2,-3.55601692199707,-6.0969443321228,4.30237483978271
33.3,-3.64487195014954,-5.34619569778442,3.680251121521
33.4,-3.71477150917053,-4.54913902282715,3.03605699539185
33.5,-3.76509642601013,-3.70915651321411,2.37397646903992
33.6,-3.79536557197571,-2.82975244522095,1.69829595088959
33.7,-3.8052237033844,-1.91471803188324,1.01356363296509
33.8,-3.7944495677948,-0.968042373657227,0.324446201324463
33.9,-3.76294374465942,6.08527194708586E-03,-0.364368826150894
34,-3.71074151992798,1.00320649147034,-1.04808664321899
34.1,-3.63809037208557,2.01926469802856,-1.72183704376221
34.2,-3.54907417297363,3.07192373275757,-2.37069368362427
34.3,-3.44021701812744,4.13496065139771,-2.99464869499207
34.4,-3.31193804740906,5.20260715484619,-3.58946633338928
34.5,-3.16479635238647,6.26865911483765,-4.15113353729248
34.6,-2.999431848526,7.32687568664551,-4.67625856399536
34.7,-2.81664681434631,8.37058353424072,-5.16179466247559
34.8,-2.61732959747314,9.39311218261719,-5.60535478591919
34.9,-2.4024670124054,10.3878345489502,-6.00512218475342
35,-2.17318844795227,11.3480348587036,-6.35974884033203
35.1,-1.93068301677704,12.2673053741455,-6.66850137710571
35.2,-1.67624711990356,13.1394557952881,-6.93120288848877
35.3,-1.41124391555786,13.9587001800537,-7.14809226989746
35.4,-1.13704741001129,14.7198076248169,-7.31995153427124
35.5,-0.85512638092041,15.4179534912109,-7.44792079925537
35.6,-0.566922247409821,16.0490188598633,-7.5334939956665
35.7,-0.273896902799606,16.6094741821289,-7.57845973968506
35.8,2.25106179714203E-02,17.0964374542236,-7.5848331451416
35.9,0.320903301239014,17.5077037811279,-7.55482625961304
36,0.619883716106415,17.8416118621826,-7.49079513549805
36.1,0.918140113353729,18.0971660614014,-7.3951849937439
36.2,1.21441352367401,18.2738876342773,-7.27052974700928
36.3,1.50749492645264,18.3718643188477,-7.11934900283813
36.4,1.79525458812714,18.3628234863281,-6.91546249389648
36.5,2.07575345039368,18.2415218353271,-6.65876817703247
36.6,2.34906363487244,18.0437126159668,-6.3870792388916
36.7,2.61435222625732,17.7720241546631,-6.1032657623291
36.8,2.87092185020447,17.4292545318604,-5.80993270874023
36.9,3.11813187599182,17.0184726715088,-5.50952243804932
37,3.35539650917053,16.5429363250732,-5.20424365997314
37.1,3.58225202560425,16.005895614624,-4.89607238769531
37.2,3.79827070236206,15.4107818603516,-4.58678960800171
37.3,4.00311374664307,14.7609014511108,-4.27794027328491
37.4,4.19647359848022,14.0596389770508,-3.97094058990479
37.5,4.37810754776001,13.3103227615356,-3.66696095466614
37.6,4.54782772064209,12.5161027908325,-3.36698484420776
37.7,4.70544052124023,11.6802711486816,-3.07195663452148
37.8,4.85082244873047,10.8058166503906,-2.78253746032715
37.9,4.98387670516968,9.89561367034912,-2.49932885169983
38,5.10449457168579,8.95255565643311,-2.22281575202942
38.1,5.21261119842529,7.97928142547607,-1.95332884788513
38.2,5.30814456939697,6.97850227355957,-1.69119322299957
38.3,5.39104413986206,5.95259094238281,-1.43659842014313
38.4,5.4612398147583,4.90391445159912,-1.18965828418732
38.5,5.5186653137207,3.83479523658752,-0.95043671131134
38.6,5.56325101852417,2.74736475944519,-0.719003260135651
38.7,5.59491300582886,1.6438615322113,-0.495328843593597
38.8,5.61355638504028,0.526322305202484,-0.279399514198303
38.9,5.61907768249512,-0.603303015232086,-7.10983499884605E-02
39,5.61135196685791,-1.74289679527283,0.129597187042236
39.1,5.58872890472412,-2.89088940620422,0.32169497013092
39.2,5.54202365875244,-4.04324007034302,0.497514456510544
39.3,5.48214387893677,-5.1927752494812,0.663979470729828
39.4,5.40896224975586,-6.33763122558594,0.821319401264191
39.5,5.32235431671143,-7.4756498336792,0.969592094421387
39.6,5.2221474647522,-8.60495948791504,1.10903859138489
39.7,5.10819244384766,-9.72314834594727,1.23966240882874
39.8,4.98030424118042,-10.8279323577881,1.36157095432281
39.9,4.83830213546753,-11.9167385101318,1.47479724884033
40,4.68202877044678,-12.9866571426392,1.57934367656708
40.1,4.51131534576416,-14.0346546173096,1.67519879341125
40.2,4.32601165771484,-15.0574579238892,1.76235282421112
40.3,4.12600135803223,-16.0514526367188,1.84075248241425
40.4,3.91116666793823,-17.0128936767578,1.91031861305237
40.5,3.68149876594543,-17.9374370574951,1.97106385231018
40.6,3.43698763847351,-18.8207359313965,2.02286887168884
40.7,3.17771863937378,-19.6579914093018,2.06569337844849
40.8,2.90385270118713,-20.4441375732422,2.09956574440002
40.9,2.61563396453857,-21.1738929748535,2.1244215965271
41,2.31342363357544,-21.8417110443115,2.14028382301331
41.1,1.99768686294556,-22.4418449401855,2.14721512794495
41.2,1.66907632350922,-22.9683303833008,2.14522552490234
41.3,1.32830417156219,-23.4152240753174,2.13447690010071
41.4,0.976268887519836,-23.776517868042,2.11512422561646
41.5,0.614057064056396,-24.0461807250977,2.08730411529541
41.6,0.242868661880493,-24.2183742523193,2.05127096176147
41.7,-0.135829374194145,-24.2874450683594,2.00726222991943
41.8,-0.520483732223511,-24.2480602264404,1.95558547973633
41.9,-0.909318625926971,-24.0953025817871,1.89658534526825
42,-1.30037200450897,-23.824821472168,1.83061921596527
42.1,-1.69156312942505,-23.4328365325928,1.75814747810364
42.2,-2.0805778503418,-22.9163722991943,1.67962849140167
42.3,-2.46500062942505,-22.2733402252197,1.59558594226837
42.4,-2.84232497215271,-21.5025310516357,1.50658452510834
42.5,-3.20987963676453,-20.6039218902588,1.41330444812775
42.6,-3.56496429443359,-19.5785636901855,1.3164666891098
42.7,-3.90481352806091,-18.4288444519043,1.21687006950378
42.8,-4.22668552398682,-17.1583290100098,1.11540460586548
42.9,-4.5278377532959,-15.7720975875855,1.01303613185883
43,-4.80562973022461,-14.2764949798584,0.910789430141449
43.1,-5.05754375457764,-12.6792154312134,0.809808135032654
43.2,-5.28120899200439,-10.9893865585327,0.711255967617035
43.3,-5.47447681427002,-9.21729946136475,0.616320312023163
43.4,-5.63545513153076,-7.37429475784302,0.526227235794067
43.5,-5.76251268386841,-5.47304534912109,0.442141205072403
43.6,-5.85436630249023,-3.526700258255,0.365197122097015
43.7,-5.91004848480225,-1.54937124252319,0.296397984027863
43.8,-5.92896604537964,0.444595694541931,0.236619681119919
43.9,-5.9108829498291,2.44062757492065,0.186560302972794
44,-5.85594081878662,4.42380237579346,0.146792903542519
44.1,-5.76463031768799,6.37969732284546,0.117518812417984
44.2,-5.63782405853271,8.29396629333496,9.88883301615715E-02
44.3,-5.47672414779663,10.1529941558838,9.07449349761009E-02
44.4,-5.28286457061768,11.9438581466675,9.27081182599068E-02
44.5,-5.05810976028442,13.6544036865234,0.104374438524246
44.6,-4.80454778671265,15.2738656997681,0.124980829656124
44.7,-4.52455472946167,16.7924003601074,0.153840646147728
44.8,-4.21910095214844,18.193187713623,0.190699562430382
44.9,-3.88650679588318,19.4375381469727,0.236448764801025
45,-3.53668808937073,20.5554122924805,0.287139385938644
45.1,-3.17248845100403,21.5439071655273,0.34176504611969
45.2,-2.79679608345032,22.4013328552246,0.399350196123123
45.3,-2.41234421730042,23.1275005340576,0.45886754989624
45.4,-2.02179312705994,23.7233753204346,0.519528031349182
45.5,-1.62772536277771,24.1909027099609,0.580403923988342
45.6,-1.23247218132019,24.5330963134766,0.64074170589447
45.7,-0.838316738605499,24.7536754608154,0.699748754501343
45.8,-0.447274148464203,24.857120513916,0.756786406040192
45.9,-6.11863844096661E-02,24.8484077453613,0.811224162578583
46,0.318254083395004,24.732931137085,0.862525820732117
46.1,0.689579963684082,24.516414642334,0.910198271274567
46.2,1.05146956443787,24.2047824859619,0.953760921955109
46.3,1.40281879901886,23.8040447235107,0.992826461791992
46.4,1.74264514446259,23.3202648162842,1.02702975273132
46.5,2.07013463973999,22.7594718933105,1.05607271194458
46.6,2.38463425636292,22.1275539398193,1.07962167263031
46.7,2.68557286262512,21.4303226470947,1.09745752811432
46.8,2.9725501537323,20.6733436584473,1.10934853553772
46.9,3.24524879455566,19.8619804382324,1.11506462097168
47,3.50341105461121,19.0014762878418,1.11442530155182
47.1,3.74692463874817,18.0966053009033,1.10727214813232
47.2,3.97567844390869,17.1521682739258,1.09341990947723
47.3,4.18968868255615,16.1724338531494,1.07273650169373
47.4,4.38898372650146,15.1615858078003,1.04505753517151
47.5,4.57362985610962,14.1235523223877,1.01025462150574
47.6,4.74375867843628,13.0619325637817,0.968157112598419
47.7,4.89951658248901,11.9800834655762,0.918620526790619
47.8,5.04106187820435,10.8812589645386,0.86148726940155
47.9,5.16859912872314,9.76823997497559,0.79657769203186
48,5.28230381011963,8.64386940002441,0.723755896091461
48.1,5.38238954544067,7.5105676651001,0.642808973789215
48.2,5.46904897689819,6.3708028793335,0.553544163703918
48.3,5.54247951507568,5.22672557830811,0.455789417028427
48.4,5.60287714004517,4.08031034469604,0.34931680560112
48.5,5.65041303634644,2.93354940414429,0.233940362930298
48.6,5.68526029586792,1.7881863117218,0.109420888125896
48.7,5.7075629234314,0.646095335483551,-2.44464743882418E-02
48.8,5.71745824813843,-0.491215586662292,-0.167869210243225
48.9,5.71506023406982,-1.62208640575409,-0.321105271577835
49,5.70046329498291,-2.74492049217224,-0.484323650598526
49.1,5.67374038696289,-3.85829448699951,-0.657762885093689
49.2,5.63494110107422,-4.96045827865601,-0.841565787792206
49.3,5.58409690856934,-6.04996061325073,-1.03594946861267
49.4,5.52120590209961,-7.12524652481079,-1.24104619026184
49.5,5.44625806808472,-8.18446254730225,-1.45696103572845
49.6,5.34778833389282,-9.18710613250732,-1.68024504184723
49.7,5.23273754119873,-10.1470174789429,-1.91023254394531
49.8,5.10567808151245,-11.0761642456055,-2.14759016036987
49.9,4.96666193008423,-11.9724702835083,-2.39215540885925
50,4.81576585769653,-12.8334712982178,-2.64355111122131
50.1,4.65304327011108,-13.6568088531494,-2.90139746665955
50.2,4.47858572006226,-14.4397974014282,-3.16518259048462
50.3,4.29250764846802,-15.1796531677246,-3.4343159198761
50.4,4.0949501991272,-15.8734302520752,-3.70799231529236
50.5,3.88607740402222,-16.5181617736816,-3.9853458404541
50.6,3.66611742973328,-17.1106395721436,-4.26537084579468
50.7,3.43538951873779,-17.6474704742432,-4.54681396484375
50.8,3.19424796104431,-18.1253662109375,-4.82830619812012
50.9,2.94311356544495,-18.5409622192383,-5.10828828811646
51,2.68253588676453,-18.8908882141113,-5.38496971130371
51.1,2.41311836242676,-19.1719074249268,-5.65635871887207
51.2,2.135577917099,-19.3809299468994,-5.9203028678894
51.3,1.85075235366821,-19.5150299072266,-6.17439317703247
51.4,1.55952560901642,-19.5716896057129,-6.41602277755737
51.5,1.26293563842773,-19.548641204834,-6.64242458343506
51.6,0.962064027786255,-19.4441318511963,-6.85057926177979
51.7,0.658195495605469,-19.2568531036377,-7.03736639022827
51.8,0.352588832378387,-18.9861335754395,-7.19956254959106
51.9,4.65860441327095E-02,-18.613208770752,-7.30983066558838
52,-0.257611393928528,-18.1230068206787,-7.33998870849609
52.1,-0.558073401451111,-17.5576019287109,-7.33608245849609
52.2,-0.853248357772827,-16.9200000762939,-7.29598522186279
52.3,-1.141641497612,-16.2138671875,-7.21770238876343
52.4,-1.42179608345032,-15.4434194564819,-7.09952354431152
52.5,-1.69221293926239,-14.6135702133179,-6.94005393981934
52.6,-1.95154392719269,-13.7295293807983,-6.73818778991699
52.7,-2.19844365119934,-12.7969989776611,-6.49329328536987
52.8,-2.43169617652893,-11.8219242095947,-6.20511341094971
52.9,-2.65016627311707,-10.8104276657105,-5.87390089035034
53,-2.852787733078,-9.76885414123535,-5.50041961669922
53.1,-3.03864550590515,-8.70344257354736,-5.08587694168091
53.2,-3.2068989276886,-7.6205267906189,-4.63204717636108
53.3,-3.35684394836426,-6.52622652053833,-4.14112710952759
53.4,-3.48786497116089,-5.42661666870117,-3.61582064628601
53.5,-3.5994565486908,-4.32773685455322,-3.05930781364441
53.6,-3.69124054908752,-3.23530530929565,-2.47509527206421
53.7,-3.76296329498291,-2.15490508079529,-1.86701858043671
53.8,-3.81448030471802,-1.09189689159393,-1.2392475605011
53.9,-3.84577608108521,-5.14727346599102E-02,-0.596118211746216
54,-3.8569700717926,0.961517453193665,5.79295568168163E-02
54.1,-3.84829640388489,1.94236755371094,0.718288540840149
54.2,-3.82013034820557,2.8866868019104,1.38042259216309
54.3,-3.77566838264465,3.78114628791809,2.03482484817505
54.4,-3.71340799331665,4.6310133934021,2.67720937728882
54.5,-3.63328099250793,5.43557024002075,3.30457615852356
54.6,-3.53608655929565,6.19192695617676,3.91332530975342
54.7,-3.42274689674377,6.89741134643555,4.50010442733765
54.8,-3.29426646232605,7.54981470108032,5.06178760528564
54.9,-3.15172600746155,8.14740943908691,5.59558868408203
55,-2.99626517295837,8.68889045715332,6.09907531738281
55.1,-2.82907676696777,9.17338466644287,6.56999254226685
55.2,-2.65138697624207,9.60043621063232,7.00648498535156
55.3,-2.46441745758057,9.9700870513916,7.40700149536133
55.4,-2.26941919326782,10.2826623916626,7.7702522277832
55.5,-2.06760835647583,10.5389165878296,8.09522438049316
55.6,-1.86018884181976,10.7398767471313,8.38123035430908
55.7,-1.64833974838257,10.8868417739868,8.62781143188477
55.8,-1.43317341804504,10.9813661575317,8.83473110198975
55.9,-1.21576404571533,11.0251493453979,9.00205039978027
56,-0.99719512462616,11.0200204849243,9.12994384765625
56.1,-0.778432488441467,10.9679832458496,9.21882152557373
56.2,-0.560433804988861,10.8710927963257,9.26927757263184
56.3,-0.344102054834366,10.7314891815186,9.28208160400391
56.4,-0.130250483751297,10.551365852356,9.25808525085449
56.5,8.02842304110527E-02,10.3329963684082,9.19833469390869
56.6,0.28679084777832,10.0786638259888,9.10390949249268
56.7,0.488563805818558,9.79071044921875,8.9760217666626
56.8,0.684982359409332,9.47151470184326,8.81591606140137
56.9,0.875456690788269,9.12346839904785,8.62489604949951
57,1.05945611000061,8.74898719787598,8.40431594848633
57.1,1.23652672767639,8.35043525695801,8.1554708480835
57.2,1.40618789196014,7.93030071258545,7.87979364395142
57.3,1.56807684898376,7.49090003967285,7.57859706878662
57.4,1.7218371629715,7.03460836410522,7.25326728820801
57.5,1.86716997623444,6.5637321472168,6.90511131286621
57.6,2.00379419326782,6.08055686950684,6.53546476364136
57.7,2.1314640045166,5.58735418319702,6.14565896987915
57.8,2.24995398521423,5.0863823890686,5.73705148696899
57.9,2.35910034179688,4.57975339889526,5.31084489822388
58,2.45872068405151,4.0696873664856,4.86839866638184
58.1,2.54869174957275,3.55825686454773,4.41093587875366
58.2,2.6288845539093,3.04762315750122,3.93979907035828
58.3,2.69920492172241,2.53985047340393,3.45626449584961
58.4,2.75958847999573,2.03694653511047,2.9615683555603
58.5,2.80998277664185,1.54095721244812,2.4570198059082
58.6,2.85036444664001,1.05382585525513,1.94382750988007
58.7,2.8807168006897,0.577572762966156,1.42335832118988
58.8,2.90105748176575,0.114156477153301,0.896915912628174
58.9,2.91142821311951,-0.334531158208847,0.365791440010071
59,2.91318249702454,-0.765647411346436,-0.168428525328636
59.1,2.9125771522522,-1.17479228973389,-0.702308535575867
59.2,2.90254545211792,-1.56701874732971,-1.23498737812042
59.3,2.88316082954407,-1.94079613685608,-1.76506245136261
59.4,2.85452008247375,-2.2945990562439,-2.29102754592896
59.5,2.81674885749817,-2.6269702911377,-2.8113853931427
59.6,2.76998734474182,-2.93662905693054,-3.32472920417786
59.7,2.71441698074341,-3.2222363948822,-3.82946944236755
59.8,2.6502366065979,-3.48262763023376,-4.32402372360229
59.9,2.57766795158386,-3.71681904792786,-4.80699300765991
60,2.49697732925415,-3.92379355430603,-5.27661085128784
60.1,2.40844988822937,-4.10279607772827,-5.73133850097656
60.2,2.31240463256836,-4.25318098068237,-6.16952657699585
60.3,2.20918607711792,-4.37449312210083,-6.58955335617065
60.4,2.09916520118713,-4.46645450592041,-6.98974370956421
60.5,1.98276245594025,-4.5289454460144,-7.36838674545288
60.6,1.86039972305298,-4.56210327148438,-7.72383594512939
60.7,1.73256862163544,-4.56622266769409,-8.05432224273682
60.8,1.59975874423981,-4.54185962677002,-8.35817337036133
60.9,1.46247673034668,-4.48981666564941,-8.6337890625
61,1.32128858566284,-4.41108465194702,-8.8794469833374
61.1,1.17675244808197,-4.30693817138672,-9.09358310699463
61.2,1.02948331832886,-4.17884826660156,-9.27462387084961
61.3,0.880070269107819,-4.02855157852173,-9.42108821868896
61.4,0.7291379570961,-3.85798168182373,-9.53158473968506
61.5,0.577345311641693,-3.66927289962769,-9.60476207733154
61.6,0.425602108240128,-3.46889090538025,-9.6390552520752
61.7,0.275288045406342,-3.28802180290222,-9.63077926635742
61.8,0.123827069997787,-3.096275806427,-9.58248710632324
61.9,-2.81401127576828E-02,-2.89575052261353,-9.49351310729981
62,-0.179974615573883,-2.68857455253601,-9.36335468292237
62.1,-0.33101212978363,-2.47688269615173,-9.19169902801514
62.2,-0.480533808469772,-2.26282143592834,-8.97852420806885
62.3,-0.627856135368347,-2.04848003387451,-8.72397136688232
62.4,-0.772280395030975,-1.83590197563171,-8.42844295501709
62.5,-0.913058638572693,-1.62709617614746,-8.09268188476563
62.6,-1.04949569702148,-1.42395651340485,-7.71758794784546
62.7,-1.18087422847748,-1.22832047939301,-7.3044171333313
62.8,-1.30650615692139,-1.04192209243774,-6.85462236404419
62.9,-1.42570769786835,-0.866401791572571,-6.36998987197876
63,-1.53780996799469,-0.703310549259186,-5.85260820388794
63.1,-1.64220130443573,-0.554072439670563,-5.30471611022949
63.2,-1.73828291893005,-0.420009553432465,-4.72889709472656
63.3,-1.82551372051239,-0.302323877811432,-4.12790203094482
63.4,-1.90340268611908,-0.20208714902401,-3.50467038154602
63.5,-1.97149634361267,-0.120252713561058,-2.86243844032288
63.6,-2.02941489219666,-5.76300285756588E-02,-2.20451426506042
63.7,-2.07683491706848,-1.48856975138187E-02,-1.53441369533539
63.8,-2.11350584030151,7.47109623625875E-03,-0.855703175067902
63.9,-2.13924789428711,9.09148342907429E-03,-0.172012656927109
64,-2.16929316520691,-1.02184554561973E-02,0.510180115699768
64.1,-2.18937063217163,-5.04251681268215E-02,1.19023501873016
64.2,-2.19838333129883,-0.111323289573193,1.86457896232605
64.3,-2.19621396064758,-0.192499920725822,2.52945470809937
64.4,-2.18281936645508,-0.29333707690239,3.18126392364502
64.5,-2.1582293510437,-0.413004577159882,3.81649708747864
64.6,-2.1225471496582,-0.550451993942261,4.43174505233765
64.7,-2.07594895362854,-0.704426765441895,5.02378988265991
64.8,-2.01869583129883,-0.873442530632019,5.58945846557617
64.9,-1.95110011100769,-1.05584526062012,6.12597227096558
65,-1.87355089187622,-1.24978935718536,6.63073492050171
65.1,-1.78649485111237,-1.45326197147369,7.10138845443726
65.2,-1.69042980670929,-1.66411864757538,7.53588533401489
65.3,-1.5859249830246,-1.88007473945618,7.93238735198975
65.4,-1.47356760501862,-2.09878826141357,8.28946590423584
65.5,-1.35400998592377,-2.31782507896423,8.60587692260742
65.6,-1.2279064655304,-2.53475904464722,8.88077640533447
65.7,-1.09595239162445,-2.74713540077209,9.11356258392334
65.8,-0.958873689174652,-2.95255732536316,9.30387687683105
65.9,-0.817398190498352,-3.14868402481079,9.45168495178223
66,-0.672246396541595,-3.33328700065613,9.55720520019531
66.1,-0.524464130401611,-3.50780558586121,9.62052345275879
66.2,-0.376232445240021,-3.70182299613953,9.63931083679199
66.3,-0.224177539348602,-3.87848711013794,9.61826038360596
66.4,-6.89913108944893E-02,-4.03561925888062,9.5584545135498
66.5,8.85904282331467E-02,-4.17121982574463,9.46114921569824
66.6,0.247866168618202,-4.28348970413208,9.32770442962646
66.7,0.408135622739792,-4.37084150314331,9.15959644317627
66.8,0.568667829036713,-4.4319314956665,8.95844173431397
66.9,0.72879695892334,-4.46561527252197,8.72587299346924
67,0.887851357460022,-4.47096729278564,8.46361064910889
67.1,1.0451945066452,-4.44726991653442,8.17336463928223
67.2,1.20020604133606,-4.39403247833252,7.85690689086914
67.3,1.3522675037384,-4.31100654602051,7.51604270935059
67.4,1.50082039833069,-4.19811105728149,7.15250778198242
67.5,1.64531898498535,-4.0554838180542,6.76805734634399
67.6,1.78525030612946,-3.88344025611877,6.3643970489502
67.7,1.92014181613922,-3.68244481086731,5.94316530227661
67.8,2.04951357841492,-3.45320630073547,5.50607252120972
67.9,2.17295742034912,-3.1964738368988,5.05462646484375
68,2.29006361961365,-2.91320419311523,4.59039449691772
68.1,2.40045428276062,-2.60446977615356,4.11486053466797
68.2,2.50378966331482,-2.27137637138367,3.62938070297241
68.3,2.59971761703491,-1.9153071641922,3.13546895980835
68.4,2.68966150283813,-1.5407487154007,2.63372325897217
68.5,2.78013563156128,-1.15916895866394,2.12425112724304
68.6,2.86243391036987,-0.75466400384903,1.61237752437592
68.7,2.93619561195374,-0.328874677419662,1.09922933578491
68.8,3.00107574462891,0.116433702409267,0.585963845252991
68.9,3.05675649642944,0.579466104507446,7.36302956938744E-02
69,3.10293221473694,1.05828261375427,-0.436651289463043
69.1,3.13932490348816,1.55092656612396,-0.943900108337402
69.2,3.16566872596741,2.05540537834167,-1.44712257385254
69.3,3.18171739578247,2.56944799423218,-1.94512093067169
69.4,3.18724727630615,3.09095644950867,-2.43697047233582
69.5,3.18205618858337,3.61763525009155,-2.92157173156738
69.6,3.16595268249512,4.14722299575806,-3.39790344238281
69.7,3.1387767791748,4.67734098434448,-3.86488819122314
69.8,3.1003885269165,5.20555925369263,-4.32137775421143
69.9,3.05067276954651,5.72939348220825,-4.76622438430786
70,2.98954296112061,6.24631834030151,-5.19820737838745
70.1,2.91694068908691,6.75377988815308,-5.61610174179077
70.2,2.83282470703125,7.2492470741272,-6.0186710357666
70.3,2.73723268508911,7.72995662689209,-6.40445899963379
70.4,2.63020014762878,8.19331932067871,-6.77209949493408
70.5,2.51180577278137,8.63669681549072,-7.12016916275024
70.6,2.3821861743927,9.05741500854492,-7.44717216491699
70.7,2.24152994155884,9.45276165008545,-7.75153398513794
70.8,2.09006643295288,9.82012271881104,-8.031662940979
70.9,1.92808413505554,10.1568641662598,-8.28596496582031
71,1.75594472885132,10.4603605270386,-8.51275730133057
71.1,1.57403516769409,10.7281274795532,-8.71046733856201
71.2,1.38283920288086,10.9576387405396,-8.87740421295166
71.3,1.18290638923645,11.1464691162109,-9.01199245452881
71.4,0.974836707115173,11.2922945022583,-9.11269664764404
71.5,0.759318828582764,11.3929042816162,-9.17799949645996
71.6,0.53710949420929,11.4462146759033,-9.2065372467041
71.7,0.309030055999756,11.4503221511841,-9.19700813293457
71.8,7.60230273008347E-02,11.403510093689,-9.14827823638916
71.9,-0.160917744040489,11.3043231964111,-9.05936431884766
72,-0.400738745927811,11.1515035629272,-8.92950057983398
72.1,-0.642301797866821,10.9441175460815,-8.75813007354736
72.2,-0.88443398475647,10.6814823150635,-8.54491806030273
72.3,-1.12584948539734,10.3633089065552,-8.28987216949463
72.4,-1.36527228355408,9.98959350585938,-7.99323558807373
72.5,-1.60138463973999,9.56065654754639,-7.65557384490967
72.6,-1.8328183889389,9.07724189758301,-7.27781248092651
72.7,-2.0582492351532,8.54027271270752,-6.86113929748535
72.8,-2.27627682685852,7.95123863220215,-6.4072060585022
72.9,-2.4855682849884,7.31178426742554,-5.91793775558472
73,-2.68481731414795,6.62385845184326,-5.39555597305298
73.1,-2.87273406982422,5.88973379135132,-4.84266567230225
73.2,-3.04808449745178,5.11190366744995,-4.26216220855713
73.3,-3.20966577529907,4.29321670532227,-3.65727996826172
73.4,-3.35636973381042,3.43658757209778,-3.03142619132996
73.5,-3.4871301651001,2.54530930519104,-2.38834071159363
73.6,-3.60096859931946,1.62279748916626,-1.73190033435822
73.7,-3.69698929786682,0.672663271427155,-1.06616401672363
73.8,-3.77549242973328,-0.296062022447586,-0.394780874252319
73.9,-3.83680272102356,-1.2760865688324,0.275643646717072
74,-3.87835669517517,-2.27221322059631,0.937983512878418
74.1,-3.89959287643433,-3.28018641471863,1.58761620521545
74.2,-3.90005779266357,-4.29558992385864,2.22005200386047
74.3,-3.87942504882813,-5.31359195709229,2.8309428691864
74.4,-3.83749866485596,-6.32925701141357,3.41619944572449
74.5,-3.77422547340393,-7.33737087249756,3.97205567359924
74.6,-3.68970060348511,-8.33267021179199,4.49514818191528
74.7,-3.58417081832886,-9.30966663360596,4.98249816894531
74.8,-3.45807552337646,-10.2627086639404,5.43144512176514
74.9,-3.31197190284729,-11.1863603591919,5.83999300003052
75,-3.1466019153595,-12.0751256942749,6.20652627944946
75.1,-2.96285510063171,-12.9237184524536,6.52996492385864
75.2,-2.76172733306885,-13.7271461486816,6.80973529815674
75.3,-2.54443287849426,-14.4804840087891,7.04561233520508
75.4,-2.31222987174988,-15.1794281005859,7.23795986175537
75.5,-2.06644082069397,-15.8200435638428,7.38755321502686
75.6,-1.80855548381805,-16.398811340332,7.49550247192383
75.7,-1.54000508785248,-16.9128074645996,7.56331443786621
75.8,-1.26235270500183,-17.3595447540283,7.59272766113281
75.9,-0.977128744125366,-17.7371559143066,7.58572959899902
76,-0.685844957828522,-18.044261932373,7.54457330703735
76.1,-0.39000928401947,-18.2800178527832,7.47161722183228
76.2,-9.10590812563896E-02,-18.4440536499023,7.36930227279663
76.3,0.209542527794838,-18.5365104675293,7.24015092849731
76.4,0.509613513946533,-18.5130290985107,7.02361488342285
76.5,0.807737469673157,-18.4229488372803,6.78349924087524
76.6,1.10275030136108,-18.2701988220215,6.52606439590454
76.7,1.39363420009613,-18.0566272735596,6.25435256958008
76.8,1.67935276031494,-17.7843742370605,5.97131872177124
76.9,1.95906925201416,-17.4556064605713,5.6796498298645
77,2.23197031021118,-17.0727043151855,5.3818359375
77.1,2.49738550186157,-16.6380558013916,5.08014488220215
77.2,2.75474715232849,-16.1539840698242,4.77656888961792
77.3,3.00344204902649,-15.6232585906982,4.47299432754517
77.4,3.24304986000061,-15.0482625961304,4.17100811004639
77.5,3.47321057319641,-14.4313583374023,3.87199282646179
77.6,3.69359993934631,-13.7749557495117,3.57717680931091
77.7,3.90393829345703,-13.0814008712769,3.28760552406311
77.8,4.10399389266968,-12.3530292510986,3.0041766166687
77.9,4.29359912872314,-11.5919389724731,2.72760462760925
78,4.47259759902954,-10.8002510070801,2.45852017402649
78.1,4.64085817337036,-9.98006439208984,2.19743633270264
78.2,4.79830837249756,-9.13312435150146,1.94469916820526
78.3,4.94484233856201,-8.26143741607666,1.7006424665451
78.4,5.08039808273315,-7.36674165725708,1.46549260616303
78.5,5.2049126625061,-6.4507474899292,1.2393946647644
78.6,5.31834602355957,-5.51505327224731,1.02243030071259
78.7,5.42065811157227,-4.56096887588501,0.814581513404846
78.8,5.50119352340698,-3.59228563308716,0.606830716133118
78.9,5.56522989273071,-2.61619520187378,0.406174570322037
79,5.61804962158203,-1.63442063331604,0.217517003417015
79.1,5.65969228744507,-0.647836327552795,4.06992025673389E-02
79.2,5.69017791748047,0.342719167470932,-0.124450400471687
79.3,5.70950269699097,1.33615171909332,-0.278123319149017
79.4,5.71765804290771,2.33173227310181,-0.420587927103043
79.5,5.71460056304932,3.32845401763916,-0.552005231380463
79.6,5.70027542114258,4.32555103302002,-0.672664046287537
79.7,5.6745924949646,5.32231664657593,-0.782801687717438
79.8,5.63746500015259,6.31734657287598,-0.882661521434784
79.9,5.58876800537109,7.30971622467041,-0.972490251064301
80,5.52834033966064,8.29858112335205,-1.0525484085083
80.1,5.4560284614563,9.28255271911621,-1.12312269210815
80.2,5.37163066864014,10.2604551315308,-1.18445944786072
80.3,5.27495431900024,11.2307195663452,-1.23682701587677
80.4,5.16578483581543,12.1916961669922,-1.28050529956818
80.5,5.04386568069458,13.1418113708496,-1.31574892997742
80.6,4.9089822769165,14.0788707733154,-1.34285581111908
80.7,4.76084423065186,15.0009346008301,-1.36210751533508
80.8,4.59926652908325,15.9052124023438,-1.37378692626953
80.9,4.42400503158569,16.7890815734863,-1.37819278240204
81,4.2348461151123,17.6495342254639,-1.37558782100677
81.1,4.03161096572876,18.4832744598389,-1.36630523204803
81.2,3.81413173675537,19.2867450714111,-1.35058438777924
81.3,3.58235120773315,20.0559101104736,-1.328773021698
81.4,3.33624601364136,20.7865333557129,-1.30114328861237
81.5,3.07581496238708,21.474193572998,-1.26799511909485
81.6,2.80121922492981,22.1140060424805,-1.22961747646332
81.7,2.51266932487488,22.7009773254395,-1.18630921840668
81.8,2.21052432060242,23.2297821044922,-1.13836097717285
81.9,1.89527273178101,23.6949481964111,-1.08611607551575
82,1.56747281551361,24.0909729003906,-1.02983641624451
82.1,1.22791647911072,24.412181854248,-0.969863831996918
82.2,0.877459585666656,24.6529884338379,-0.906524062156677
82.3,0.517230212688446,24.8078193664551,-0.840215861797333
82.4,0.148481786251068,24.8713092803955,-0.77130538225174
82.5,-0.227413982152939,24.838357925415,-0.700213491916656
82.6,-0.60886538028717,24.704216003418,-0.627379536628723
82.7,-0.994119763374329,24.4645576477051,-0.553325772285461
82.8,-1.38123714923859,24.1156539916992,-0.478599458932877
82.9,-1.76815330982208,23.6543979644775,-0.403739750385284
83,-2.15268468856812,23.0783653259277,-0.329409956932068
83.1,-2.53248333930969,22.3860874176025,-0.256267488002777
83.2,-2.90515851974487,21.5768013000488,-0.185005366802216
83.3,-3.26816368103027,20.650972366333,-0.116358824074268
83.4,-3.61895370483398,19.6099700927734,-5.11153638362885E-02
83.5,-3.95494413375854,18.4562854766846,9.99857019633055E-03
83.6,-4.27360534667969,17.1933975219727,6.61841705441475E-02
83.7,-4.57240772247314,15.8259973526001,0.116661123931408
83.8,-4.84733438491821,14.3538370132446,0.161364018917084
83.9,-5.09239339828491,12.7739763259888,0.201144844293594
84,-5.3099160194397,11.1166648864746,0.233387812972069
84.1,-5.49801635742188,9.3913402557373,0.257452040910721
84.2,-5.65504217147827,7.60813856124878,0.272789657115936
84.3,-5.77955770492554,5.77843427658081,0.278958171606064
84.4,-5.87045097351074,3.91370105743408,0.27557435631752
84.5,-5.92689990997314,2.02612137794495,0.26252418756485
84.6,-5.94840097427368,0.128056064248085,0.239732146263123
84.7,-5.93477773666382,-1.76811695098877,0.207347422838211
84.8,-5.88618421554565,-3.64966893196106,0.165652751922607
84.9,-5.80310344696045,-5.5043511390686,0.115140356123447
85,-5.68633651733398,-7.32024669647217,5.64632527530193E-02
85.1,-5.53698015213013,-9.08591175079346,-9.62853897362947E-03
85.2,-5.35642623901367,-10.7904081344604,-8.22748020291328E-02
85.3,-5.14631700515747,-12.4237117767334,-0.160511195659637
85.4,-4.90854930877686,-13.9764432907104,-0.243291288614273
85.5,-4.64518308639526,-15.4404706954956,-0.329539507627487
85.6,-4.35847520828247,-16.8084716796875,-0.41820228099823
85.7,-4.05079317092896,-18.074312210083,-0.50822901725769
85.8,-3.72466635704041,-19.2327423095703,-0.598594069480896
85.9,-3.38261914253235,-20.2799110412598,-0.688328981399536
86,-3.0271909236908,-21.2130832672119,-0.776600897312164
86.1,-2.66094851493835,-22.0305423736572,-0.86253297328949
86.2,-2.28637766838074,-22.7316513061523,-0.945460200309754
86.3,-1.90598142147064,-23.31667137146,-1.02473282814026
86.4,-1.52204036712646,-23.7869510650635,-1.09987413883209
86.5,-1.13681018352509,-24.144567489624,-1.17041504383087
86.6,-0.752346873283386,-24.3923530578613,-1.23604762554169
86.7,-0.370542228221893,-24.5338115692139,-1.29653584957123
86.8,6.70889019966125E-03,-24.5729064941406,-1.35170257091522
86.9,0.377849876880646,-24.514139175415,-1.40143537521362
87,0.741441607475281,-24.3623161315918,-1.44569826126099
87.1,1.09620535373688,-24.122486114502,-1.48442304134369
87.2,1.44102334976196,-23.7998790740967,-1.51770067214966
87.3,1.77486431598663,-23.3999080657959,-1.54555523395538
87.4,2.09695744514465,-22.9278945922852,-1.56802535057068
87.5,2.4065842628479,-22.3892192840576,-1.58515918254852
87.6,2.70322108268738,-21.7890625,-1.59705114364624
87.7,2.98640584945679,-21.132604598999,-1.60368072986603
87.8,3.25576972961426,-20.4248847961426,-1.6051310300827
87.9,3.51107048988342,-19.6706981658936,-1.60138833522797
88,3.75215578079224,-18.8746204376221,-1.59245204925537
88.1,3.97894215583801,-18.040994644165,-1.57827341556549
88.2,4.19141435623169,-17.1738891601563,-1.55879950523376
88.3,4.38956308364868,-16.277364730835,-1.53395617008209
88.4,4.57348394393921,-15.3549823760986,-1.50363206863403
88.5,4.7432861328125,-14.4101657867432,-1.46770262718201
88.6,4.89911365509033,-13.4460830688477,-1.42601382732391
88.7,5.0411376953125,-12.4656476974487,-1.37841010093689
88.8,5.16952562332153,-11.4716873168945,-1.32469797134399
88.9,5.28448915481567,-10.4666223526001,-1.26467895507813
89,5.38622426986694,-9.45281505584717,-1.19812726974487
89.1,5.47495365142822,-8.43222427368164,-1.1248277425766
89.2,5.55086755752563,-7.4069619178772,-1.0445511341095
89.3,5.61416482925415,-6.37882709503174,-0.957024991512299
89.4,5.66505479812622,-5.34930276870728,-0.862026989459991
89.5,5.70371150970459,-4.31999540328979,-0.759294867515564
89.6,5.73030853271484,-3.29224157333374,-0.648569524288178
89.7,5.7450098991394,-2.26708960533142,-0.52959805727005
89.8,5.74795150756836,-1.24594593048096,-0.40212094783783
89.9,5.73925638198853,-0.229709938168526,-0.265879213809967
90,5.7190318107605,0.780603647232056,-0.120677970349789
90.1,5.68735694885254,1.78410029411316,0.033781822770834
90.2,5.6442985534668,2.77991938591003,0.197646394371986
90.3,5.58990097045898,3.76701021194458,0.371118754148483
90.4,5.52418518066406,4.74461078643799,0.554379105567932
90.5,5.4471549987793,5.71182918548584,0.747561454772949
90.6,5.35879611968994,6.6677393913269,0.950752973556519
90.7,5.25747346878052,7.60995101928711,1.16228759288788
90.8,5.13243532180786,8.52127742767334,1.36809122562408
90.9,4.99610662460327,9.40999698638916,1.5812554359436
91,4.8485279083252,10.2747678756714,1.80162060260773
91.1,4.68975019454956,11.1140947341919,2.02904939651489
91.2,4.51979970932007,11.9265270233154,2.26334404945374
91.3,4.33880281448364,12.7100238800049,2.50406765937805
91.4,4.14682722091675,13.4628849029541,2.75081348419189
91.5,3.94396686553955,14.1832332611084,3.00310826301575
91.6,3.73039102554321,14.8689088821411,3.26029396057129
91.7,3.50625324249268,15.5178518295288,3.52161526679993
91.8,3.2718243598938,16.1276359558105,3.78615140914917
91.9,3.02739405632019,16.6958656311035,4.05282831192017
92,2.77329969406128,17.2201499938965,4.32050371170044
92.1,2.51001501083374,17.6978588104248,4.58771085739136
92.2,2.23800039291382,18.126558303833,4.85298585891724
92.3,1.95789766311646,18.5035820007324,5.11456632614136
92.4,1.67040753364563,18.8264007568359,5.3705415725708
92.5,1.37628579139709,19.0926074981689,5.61888074874878
92.6,1.07640743255615,19.2998352050781,5.8573317527771
92.7,0.771782636642456,19.4458389282227,6.08347082138062
92.8,0.463483452796936,19.5285739898682,6.29482555389404
92.9,0.152657821774483,19.5462627410889,6.48873901367188
93,-0.159433349967003,19.4973373413086,6.66243505477905
93.1,-0.471426159143448,19.3805618286133,6.81308794021606
93.2,-0.781934916973114,19.1950626373291,6.93784666061401
93.3,-1.0894523859024,18.9402656555176,7.03380680084229
93.4,-1.3924332857132,18.6160945892334,7.09814834594727
93.5,-1.68769502639771,18.1745281219482,7.0793080329895
93.6,-1.97427916526794,17.6586074829102,7.02199792861938
93.7,-2.25071310997009,17.074743270874,6.92926549911499
93.8,-2.51541256904602,16.4254589080811,6.79980945587158
93.9,-2.7668981552124,15.7136821746826,6.63258934020996
94,-3.00373768806458,14.9427433013916,6.42686319351196
94.1,-3.22456049919128,14.1164264678955,6.18226289749146
94.2,-3.4281268119812,13.2387132644653,5.89879131317139
94.3,-3.61326050758362,12.3140563964844,5.57693243026733
94.4,-3.77894496917725,11.3470010757446,5.21751499176025
94.5,-3.92429161071777,10.3422737121582,4.82186698913574
94.6,-4.04854917526245,9.30479717254639,4.3917293548584
94.7,-4.15112113952637,8.23943138122559,3.92922520637512
94.8,-4.23151779174805,7.15146589279175,3.43705797195435
94.9,-4.28945112228394,6.04585266113281,2.91813707351685
95,-4.32475280761719,4.92774343490601,2.37580490112305
95.1,-4.33742332458496,3.80212259292603,1.81360459327698
95.2,-4.32759380340576,2.6741201877594,1.23543119430542
95.3,-4.29554796218872,1.54876065254211,0.645276784896851
95.4,-4.24170684814453,0.430973619222641,4.73114401102066E-02
95.5,-4.16662836074829,-0.674327313899994,-0.554296553134918
95.6,-4.07099342346191,-1.76241362094879,-1.15535640716553
95.7,-3.95560717582703,-2.82867360115051,-1.75177180767059
95.8,-3.82139420509338,-3.86849975585938,-2.33949637413025
95.9,-3.66937303543091,-4.87767124176025,-2.91471791267395
96,-3.50065135955811,-5.85207557678223,-3.47385382652283
96.1,-3.31640720367432,-6.78800582885742,-4.01357984542847
96.2,-3.1178822517395,-7.68188667297363,-4.53085136413574
96.3,-2.9064028263092,-8.53038597106934,-5.02279472351074
96.4,-2.68329834938049,-9.33064460754395,-5.48701333999634
96.5,-2.44991397857666,-10.0801429748535,-5.92141723632813
96.6,-2.20762968063354,-10.7765970230103,-6.32418251037598
96.7,-1.95779275894165,-11.4181528091431,-6.69385004043579
96.8,-1.70179319381714,-12.0031576156616,-7.02923393249512
96.9,-1.4409544467926,-12.5304117202759,-7.32946586608887
97,-1.17656314373016,-12.9990177154541,-7.59402370452881
97.1,-0.909893035888672,-13.4083204269409,-7.82261228561401
97.2,-0.642140448093414,-13.7580213546753,-8.01519298553467
97.3,-0.374540209770203,-14.0479307174683,-8.17193603515625
97.4,-0.108177408576012,-14.2782936096191,-8.29329872131348
97.5,0.155842825770378,-14.4495048522949,-8.3798942565918
97.6,0.416510343551636,-14.5622148513794,-8.4325065612793
97.7,0.672892689704895,-14.6173086166382,-8.45207500457764
97.8,0.924027740955353,-14.6158657073975,-8.43966388702393
97.9,1.16909503936768,-14.5592060089111,-8.39641666412354
98,1.40726602077484,-14.4488315582275,-8.32358074188232
98.1,1.6378356218338,-14.286452293396,-8.22242641448975
98.2,1.86010646820068,-14.073935508728,-8.09429168701172
98.3,2.07341957092285,-13.8133659362793,-7.94053363800049
98.4,2.27727842330933,-13.5068702697754,-7.76243257522583
98.5,2.47110915184021,-13.1568155288696,-7.56139707565308
98.6,2.65448403358459,-12.7655897140503,-7.33868646621704
98.7,2.82699656486511,-12.3357362747192,-7.09557008743286
98.8,2.98825979232788,-11.8699159622192,-6.83333778381348
98.9,3.1379497051239,-11.3708696365356,-6.55320692062378
99,3.2758514881134,-10.8412275314331,-6.2562460899353
99.1,3.40169668197632,-10.2839269638062,-5.94364404678345
99.2,3.51534414291382,-9.70165538787842,-5.61636400222778
99.3,3.61665368080139,-9.09725761413574,-5.27538061141968
99.4,3.70549821853638,-8.4737663269043,-4.92174053192139
99.5,3.78185176849365,-7.83378553390503,-4.55618000030518
99.6,3.84566330909729,-7.18035507202149,-4.1796555519104
99.7,3.89696764945984,-6.51599264144897,-3.79275703430176
99.8,3.93578600883484,-5.84365129470825,-3.39634442329407
99.9,3.96218657493591,-5.16601037979126,-2.99107098579407
100,3.97627449035645,-4.48561716079712,-2.57751703262329
